Ticker,Day 1 MAPE,Day 2 MAPE,Day 3 MAPE,Day 4 MAPE,Day 5 MAPE,Day 6 MAPE,Day 7 MAPE,Day 8 MAPE,Day 9 MAPE,Day 10 MAPE,Day 11 MAPE,Day 12 MAPE,Overall MAPE,Total Samples
000625.SZ,1.03%,N/A,N/A,N/A,N/A,N/A,N/A,N/A,N/A,N/A,N/A,N/A,1.03%,4
001896.SZ,N/A,N/A,2.71%,1.56%,N/A,N/A,N/A,N/A,N/A,N/A,N/A,N/A,2.14%,2
002291.SZ,3.46%,4.78%,N/A,N/A,3.39%,5.88%,N/A,N/A,N/A,N/A,N/A,N/A,4.38%,4
005930.KS,0.65%,0.65%,1.38%,N/A,N/A,3.38%,3.25%,N/A,N/A,N/A,N/A,N/A,1.86%,25
0293.HK,N/A,N/A,1.32%,1.34%,N/A,N/A,N/A,N/A,N/A,N/A,N/A,N/A,1.33%,10
0388.HK,1.47%,1.47%,2.63%,N/A,N/A,6.25%,3.74%,5.41%,4.38%,4.67%,N/A,N/A,3.75%,8
0981.HK,2.91%,N/A,N/A,5.60%,7.06%,N/A,N/A,N/A,N/A,N/A,N/A,N/A,5.19%,3
1810.HK,2.70%,4.34%,N/A,N/A,6.96%,11.33%,N/A,N/A,N/A,N/A,N/A,N/A,6.33%,20
2222.SR,3.65%,4.14%,6.36%,6.45%,N/A,N/A,6.20%,6.54%,6.28%,N/A,N/A,N/A,5.66%,35
2223.SR,1.15%,1.94%,2.66%,4.48%,N/A,N/A,7.41%,N/A,N/A,N/A,N/A,N/A,3.53%,5
2310.SR,4.47%,4.16%,6.62%,4.67%,N/A,N/A,1.84%,3.63%,4.40%,N/A,N/A,N/A,4.25%,7
2317.TW,2.73%,0.43%,0.79%,N/A,N/A,3.88%,4.15%,N/A,N/A,N/A,N/A,N/A,2.40%,25
2354.TW,1.98%,1.92%,1.79%,N/A,N/A,5.02%,5.14%,N/A,N/A,N/A,N/A,N/A,3.17%,10
2882.TW,N/A,N/A,1.97%,0.88%,N/A,N/A,N/A,N/A,N/A,N/A,N/A,N/A,1.42%,6
300750.SZ,1.57%,1.68%,2.58%,2.19%,4.16%,6.17%,5.37%,4.08%,5.31%,N/A,N/A,8.06%,3.44%,133
3231.TW,N/A,N/A,3.56%,3.25%,N/A,N/A,N/A,N/A,N/A,N/A,N/A,N/A,3.40%,2
5401.T,N/A,N/A,2.19%,1.76%,1.56%,2.06%,2.53%,N/A,N/A,3.82%,4.29%,N/A,2.51%,33
600990.SS,N/A,N/A,3.49%,0.13%,N/A,N/A,N/A,N/A,N/A,N/A,N/A,N/A,1.81%,2
601398.SS,N/A,N/A,7.39%,9.36%,N/A,N/A,N/A,N/A,N/A,N/A,N/A,N/A,8.37%,2
603268.SS,N/A,N/A,0.92%,3.50%,N/A,N/A,N/A,N/A,N/A,N/A,N/A,N/A,2.21%,2
603288.SS,N/A,N/A,0.33%,0.05%,N/A,N/A,N/A,N/A,N/A,N/A,N/A,N/A,0.19%,2
6201.T,4.63%,N/A,N/A,N/A,N/A,N/A,N/A,N/A,N/A,N/A,N/A,N/A,4.63%,1
6448.T,0.36%,2.42%,2.78%,N/A,N/A,2.95%,3.81%,N/A,N/A,N/A,N/A,N/A,2.46%,5
7011.T,N/A,N/A,2.67%,5.18%,6.70%,4.58%,2.03%,N/A,N/A,1.27%,1.57%,N/A,3.43%,14
7201.T,3.91%,3.96%,2.16%,5.89%,N/A,3.65%,5.54%,6.49%,N/A,N/A,N/A,N/A,4.37%,28
7203.T,1.15%,0.79%,N/A,N/A,2.14%,5.40%,2.09%,1.40%,1.78%,N/A,N/A,0.85%,1.95%,8
7211.T,0.88%,4.54%,N/A,N/A,5.09%,12.24%,8.62%,5.75%,5.86%,N/A,N/A,6.16%,5.93%,25
9658.HK,N/A,N/A,8.15%,9.17%,N/A,N/A,N/A,N/A,N/A,N/A,N/A,N/A,8.66%,2
9984.T,2.69%,3.72%,2.65%,3.11%,N/A,0.53%,1.07%,2.62%,N/A,N/A,N/A,N/A,2.41%,33
AAL,4.46%,9.01%,5.15%,4.13%,4.45%,N/A,N/A,3.38%,N/A,N/A,N/A,N/A,5.10%,48
AAPL,1.99%,3.09%,3.62%,5.58%,5.11%,5.15%,5.97%,5.32%,4.34%,4.51%,5.90%,N/A,4.09%,464
AB,1.19%,1.77%,N/A,N/A,1.85%,N/A,N/A,N/A,N/A,N/A,N/A,N/A,1.60%,27
ABBV,1.46%,2.44%,1.59%,5.25%,2.37%,2.17%,6.20%,6.96%,4.13%,4.05%,N/A,5.10%,3.35%,236
ABNB,4.92%,7.24%,6.69%,6.03%,6.57%,N/A,N/A,5.02%,N/A,N/A,N/A,N/A,6.08%,54
AC,3.30%,N/A,N/A,3.89%,7.78%,7.18%,8.03%,5.96%,N/A,N/A,5.74%,N/A,5.99%,47
AC.TO,16.05%,N/A,N/A,18.89%,23.33%,22.51%,24.05%,24.29%,N/A,N/A,N/A,N/A,21.52%,12
ACB,1.95%,2.99%,N/A,N/A,4.96%,6.02%,4.11%,4.11%,5.36%,N/A,N/A,5.44%,4.35%,93
ACDVF,12.77%,N/A,N/A,15.99%,19.86%,18.54%,20.38%,19.79%,N/A,N/A,19.48%,N/A,18.11%,7
ACHR,10.29%,9.77%,17.53%,N/A,N/A,4.21%,N/A,N/A,N/A,N/A,N/A,N/A,10.43%,42
ACRV,N/A,4.03%,N/A,N/A,N/A,N/A,N/A,N/A,N/A,N/A,N/A,N/A,4.03%,9
ADANIENT.NS,1.05%,N/A,N/A,N/A,N/A,N/A,N/A,N/A,N/A,N/A,N/A,N/A,1.05%,1
ADBE,0.84%,1.68%,1.19%,2.12%,2.46%,2.71%,3.19%,4.71%,4.85%,7.57%,5.76%,N/A,2.79%,191
ADM,1.32%,1.31%,1.56%,4.41%,1.57%,0.40%,3.03%,N/A,N/A,3.10%,N/A,N/A,1.87%,10
ADMA,N/A,N/A,2.28%,5.07%,7.98%,10.43%,8.64%,N/A,N/A,8.15%,N/A,N/A,7.07%,59
AEM,0.96%,1.21%,0.32%,0.14%,N/A,N/A,1.65%,N/A,N/A,N/A,N/A,N/A,0.86%,5
AEO,4.23%,5.84%,7.17%,N/A,3.23%,8.71%,N/A,N/A,N/A,N/A,N/A,N/A,5.13%,105
AFRM,12.30%,11.92%,4.66%,9.18%,11.52%,N/A,N/A,10.14%,N/A,N/A,N/A,N/A,7.68%,21
AGG,1.60%,N/A,N/A,0.29%,0.49%,0.88%,0.41%,0.45%,N/A,N/A,0.63%,N/A,0.68%,7
AGH,7.83%,9.83%,N/A,N/A,10.57%,N/A,N/A,N/A,N/A,N/A,N/A,N/A,9.41%,3
AGI,2.37%,N/A,N/A,4.54%,5.00%,9.24%,5.99%,6.16%,N/A,N/A,3.71%,N/A,5.29%,7
AGNC,0.85%,1.35%,N/A,N/A,N/A,N/A,N/A,N/A,N/A,N/A,N/A,N/A,1.28%,7
AI,N/A,5.80%,N/A,N/A,N/A,N/A,N/A,N/A,N/A,N/A,N/A,N/A,5.80%,9
AL,N/A,N/A,2.13%,N/A,N/A,N/A,N/A,N/A,N/A,N/A,N/A,N/A,2.13%,9
ALAB,1.33%,2.75%,1.15%,N/A,N/A,2.56%,N/A,N/A,N/A,N/A,N/A,N/A,1.81%,41
ALB,5.06%,5.21%,3.74%,2.37%,2.27%,N/A,N/A,2.19%,N/A,N/A,N/A,N/A,3.50%,59
ALIT,N/A,N/A,2.25%,3.69%,2.91%,2.55%,2.78%,N/A,N/A,4.01%,N/A,N/A,3.01%,53
ALK,3.18%,2.22%,0.51%,1.29%,N/A,N/A,1.45%,N/A,N/A,N/A,N/A,N/A,1.73%,40
ALLY,N/A,3.42%,4.07%,2.46%,2.72%,3.36%,N/A,N/A,4.39%,N/A,N/A,N/A,3.37%,59
AMAT,1.50%,3.96%,1.90%,11.41%,6.66%,8.06%,10.74%,10.80%,11.78%,6.55%,N/A,N/A,6.10%,119
AMD,2.19%,2.76%,4.88%,4.28%,5.09%,5.65%,9.61%,8.35%,10.84%,N/A,N/A,8.40%,5.09%,491
AME,N/A,N/A,0.80%,N/A,N/A,N/A,N/A,N/A,N/A,N/A,N/A,N/A,0.80%,9
AMTX,1.77%,4.89%,8.83%,N/A,N/A,8.48%,N/A,N/A,N/A,N/A,N/A,N/A,5.99%,36
AMZN,2.56%,3.47%,5.67%,4.86%,5.24%,6.35%,6.51%,5.74%,6.13%,6.75%,3.99%,4.22%,4.83%,598
AN,0.31%,0.69%,N/A,N/A,1.95%,N/A,N/A,N/A,N/A,N/A,N/A,N/A,0.98%,27
ANET,4.31%,4.56%,2.01%,2.23%,N/A,N/A,1.93%,N/A,N/A,N/A,N/A,N/A,3.01%,45
ANZ.AX,2.83%,N/A,N/A,2.89%,3.09%,3.49%,3.01%,3.40%,N/A,N/A,5.06%,4.58%,3.54%,32
AON,0.75%,0.66%,0.46%,N/A,2.21%,N/A,N/A,N/A,N/A,N/A,N/A,N/A,1.03%,35
APLD,1.37%,N/A,N/A,N/A,N/A,N/A,N/A,N/A,N/A,N/A,N/A,N/A,1.37%,7
APP,6.71%,6.42%,3.67%,2.64%,7.47%,10.56%,8.48%,9.53%,12.74%,N/A,6.94%,13.03%,7.68%,175
ARES,N/A,N/A,1.93%,N/A,N/A,N/A,N/A,N/A,N/A,N/A,N/A,N/A,1.93%,1
ARM,1.30%,0.68%,N/A,N/A,2.76%,N/A,N/A,N/A,N/A,N/A,N/A,N/A,1.58%,27
ASML,1.57%,2.81%,2.38%,3.97%,5.34%,6.22%,6.19%,6.07%,6.90%,5.17%,3.35%,N/A,4.51%,145
ASTS,N/A,3.94%,1.67%,1.54%,1.64%,2.27%,N/A,N/A,9.47%,N/A,N/A,N/A,3.32%,59
ASX,0.47%,N/A,N/A,6.81%,8.48%,9.31%,8.97%,7.20%,N/A,N/A,6.15%,N/A,6.77%,42
AU,1.55%,2.41%,1.30%,1.39%,N/A,N/A,2.27%,N/A,N/A,N/A,N/A,N/A,1.79%,45
AVGO,0.68%,1.47%,N/A,N/A,3.21%,8.54%,8.07%,7.86%,6.04%,N/A,N/A,6.24%,3.65%,105
AVTX.AS,88.29%,N/A,N/A,N/A,N/A,N/A,N/A,N/A,N/A,N/A,N/A,N/A,88.29%,1
AXL,N/A,N/A,0.90%,N/A,N/A,N/A,N/A,N/A,N/A,N/A,N/A,N/A,0.90%,9
AXON,1.79%,N/A,N/A,1.06%,4.07%,4.57%,4.41%,4.90%,N/A,N/A,5.92%,N/A,3.82%,42
AXP,0.80%,2.17%,3.38%,5.68%,5.21%,6.60%,6.96%,6.92%,6.72%,6.85%,N/A,4.57%,5.06%,70
AXS,N/A,0.09%,N/A,N/A,N/A,N/A,N/A,N/A,N/A,N/A,N/A,N/A,0.09%,1
B,1.51%,1.30%,1.84%,2.60%,N/A,N/A,3.86%,N/A,N/A,N/A,N/A,N/A,2.22%,20
BA,1.02%,1.00%,1.56%,2.69%,2.67%,3.05%,4.67%,6.39%,N/A,2.62%,6.25%,N/A,1.91%,102
BABA,2.99%,2.38%,3.54%,4.35%,5.13%,1.60%,2.50%,7.14%,5.79%,N/A,N/A,6.58%,3.94%,135
BAC,0.80%,1.18%,1.12%,1.82%,N/A,1.09%,2.47%,N/A,N/A,N/A,N/A,N/A,1.24%,67
BAM,N/A,1.10%,N/A,N/A,N/A,N/A,N/A,N/A,N/A,N/A,N/A,N/A,1.10%,9
BAMXF,0.91%,3.59%,3.01%,N/A,7.25%,9.56%,8.23%,0.86%,5.38%,N/A,N/A,5.22%,5.21%,22
BAYN.DE,0.75%,N/A,N/A,1.88%,0.13%,N/A,N/A,N/A,N/A,N/A,N/A,N/A,0.92%,3
BAYRY,0.98%,N/A,N/A,2.86%,N/A,N/A,N/A,N/A,N/A,N/A,N/A,N/A,1.92%,16
BBY,1.94%,N/A,N/A,1.80%,N/A,N/A,N/A,N/A,N/A,N/A,N/A,N/A,1.87%,10
BCRX,3.73%,5.03%,5.03%,N/A,N/A,2.02%,4.19%,5.64%,1.89%,1.58%,N/A,N/A,3.67%,61
BEN,3.34%,3.19%,5.01%,5.51%,6.33%,N/A,N/A,5.59%,N/A,N/A,N/A,N/A,4.83%,6
BFLY,N/A,N/A,3.69%,4.74%,1.95%,1.90%,3.09%,N/A,N/A,3.21%,N/A,N/A,3.09%,53
BGE.V,1.42%,2.59%,3.20%,3.26%,N/A,N/A,N/A,N/A,N/A,N/A,N/A,N/A,2.62%,8
BHC,0.61%,3.54%,N/A,N/A,1.23%,3.10%,5.97%,5.35%,4.07%,N/A,N/A,5.59%,3.68%,64
BHP,0.36%,0.25%,0.24%,0.72%,0.78%,N/A,2.34%,N/A,N/A,N/A,N/A,N/A,0.52%,32
BHVN,4.05%,N/A,N/A,2.92%,N/A,N/A,N/A,N/A,N/A,N/A,N/A,N/A,3.48%,16
BIDU,5.06%,3.31%,6.43%,2.72%,2.92%,N/A,N/A,2.25%,N/A,N/A,N/A,N/A,3.79%,66
BIP,N/A,1.05%,1.25%,1.28%,1.88%,2.28%,N/A,N/A,3.30%,N/A,N/A,N/A,1.81%,53
BIRD,N/A,N/A,3.22%,N/A,N/A,N/A,N/A,N/A,N/A,N/A,N/A,N/A,3.22%,1
BIRK,3.72%,N/A,N/A,5.27%,N/A,N/A,N/A,N/A,N/A,N/A,N/A,N/A,4.49%,36
BITO,3.23%,N/A,N/A,2.36%,N/A,N/A,N/A,N/A,N/A,N/A,N/A,N/A,2.80%,2
BITS,2.35%,1.74%,N/A,N/A,2.42%,N/A,N/A,N/A,N/A,N/A,N/A,N/A,2.17%,3
BKH,N/A,2.72%,3.55%,4.67%,2.46%,1.84%,N/A,N/A,1.94%,N/A,N/A,N/A,2.86%,48
BLBD,4.29%,5.49%,3.44%,4.23%,4.89%,N/A,N/A,5.14%,N/A,N/A,N/A,N/A,4.57%,53
BLK,0.56%,2.34%,2.09%,2.01%,4.37%,3.97%,1.33%,N/A,4.46%,N/A,N/A,N/A,2.49%,122
BMRN,0.44%,N/A,2.22%,1.49%,3.50%,4.80%,3.21%,N/A,N/A,4.25%,N/A,N/A,2.99%,66
BMW.DE,3.41%,2.25%,0.43%,1.55%,2.44%,2.41%,2.60%,4.33%,5.09%,N/A,N/A,5.46%,2.96%,45
BMY,N/A,3.05%,1.38%,6.15%,2.34%,1.13%,N/A,N/A,1.69%,N/A,N/A,N/A,2.51%,86
BN,0.57%,1.07%,1.53%,1.66%,N/A,N/A,1.13%,N/A,N/A,N/A,N/A,N/A,1.19%,5
BN.PA,1.56%,1.26%,0.65%,1.03%,N/A,N/A,2.13%,2.66%,N/A,N/A,N/A,N/A,1.55%,12
BNP.PA,1.07%,N/A,N/A,N/A,N/A,N/A,N/A,N/A,N/A,N/A,N/A,N/A,1.07%,3
BOLT,N/A,1.31%,6.36%,5.35%,16.89%,27.07%,N/A,N/A,15.15%,N/A,N/A,N/A,12.02%,6
BOOT,13.18%,13.96%,2.37%,N/A,15.77%,N/A,N/A,N/A,N/A,N/A,N/A,N/A,11.32%,36
BP,1.98%,1.28%,1.54%,1.08%,0.94%,3.44%,4.54%,2.62%,2.97%,3.28%,N/A,N/A,2.20%,108
BRBR,1.00%,2.65%,N/A,N/A,3.87%,1.61%,1.36%,2.31%,4.69%,N/A,N/A,5.76%,2.85%,69
BRBY.L,1.36%,1.71%,N/A,N/A,1.87%,2.83%,N/A,N/A,N/A,N/A,N/A,N/A,1.94%,12
BRF,1.61%,N/A,N/A,2.12%,N/A,N/A,N/A,N/A,N/A,N/A,N/A,N/A,1.86%,6
BRFS,1.21%,N/A,N/A,0.93%,N/A,N/A,N/A,N/A,N/A,N/A,N/A,N/A,1.07%,4
BRFS3.SA,0.72%,N/A,N/A,5.11%,N/A,N/A,N/A,N/A,N/A,N/A,N/A,N/A,2.92%,2
BRKR,5.78%,6.18%,4.05%,N/A,N/A,3.98%,N/A,N/A,N/A,N/A,N/A,N/A,5.00%,36
BROS,1.36%,3.04%,N/A,N/A,2.07%,N/A,N/A,N/A,N/A,N/A,N/A,N/A,2.50%,44
BTC,1.21%,2.14%,2.79%,3.30%,3.90%,4.82%,5.51%,5.39%,8.01%,7.46%,9.33%,N/A,3.51%,410
BTG,4.27%,1.81%,2.84%,1.72%,0.88%,2.39%,2.59%,0.20%,N/A,N/A,3.75%,N/A,2.42%,12
BTI,0.56%,3.41%,7.71%,N/A,N/A,10.01%,10.97%,11.47%,9.44%,6.34%,N/A,N/A,7.41%,61
BTO,2.87%,N/A,N/A,6.33%,6.26%,6.44%,7.37%,8.13%,N/A,N/A,6.42%,N/A,6.26%,7
BTU,2.93%,3.29%,1.76%,N/A,N/A,2.08%,5.54%,2.60%,3.15%,3.12%,N/A,N/A,3.06%,64
BULL,N/A,N/A,3.30%,N/A,N/A,N/A,N/A,N/A,N/A,N/A,N/A,N/A,3.30%,9
BURBY,6.10%,3.43%,N/A,N/A,2.37%,N/A,N/A,N/A,N/A,N/A,N/A,N/A,3.97%,9
BWA,2.20%,3.27%,2.29%,2.53%,2.95%,N/A,N/A,2.57%,N/A,N/A,N/A,N/A,2.64%,53
BX,0.43%,0.65%,1.89%,2.03%,N/A,N/A,2.81%,N/A,N/A,N/A,N/A,N/A,1.56%,5
BZ,0.42%,N/A,0.15%,11.45%,11.02%,14.57%,12.34%,12.98%,N/A,N/A,12.67%,N/A,9.45%,8
C,1.09%,4.39%,5.36%,1.65%,5.66%,5.30%,N/A,N/A,5.67%,N/A,N/A,N/A,2.17%,22
CABO,3.26%,0.82%,N/A,N/A,3.99%,N/A,N/A,N/A,N/A,N/A,N/A,N/A,2.69%,27
CAG,1.72%,3.32%,1.86%,0.76%,N/A,N/A,1.31%,N/A,N/A,N/A,N/A,N/A,1.79%,45
CAH,0.39%,N/A,N/A,N/A,N/A,N/A,N/A,N/A,N/A,N/A,N/A,N/A,0.39%,7
CAL,1.88%,4.15%,N/A,N/A,3.44%,N/A,N/A,N/A,N/A,N/A,N/A,N/A,3.16%,24
CAR,N/A,N/A,2.60%,N/A,N/A,N/A,N/A,N/A,N/A,N/A,N/A,N/A,2.60%,1
CART,1.94%,3.52%,3.98%,2.40%,2.41%,4.90%,4.52%,3.81%,4.94%,2.51%,5.94%,N/A,3.57%,200
CASY,N/A,3.51%,4.90%,5.63%,3.20%,1.45%,N/A,N/A,1.91%,N/A,N/A,N/A,3.43%,60
CAT,1.10%,0.90%,1.13%,2.15%,2.53%,N/A,1.79%,N/A,N/A,N/A,N/A,N/A,1.45%,62
CAVA,N/A,N/A,8.20%,N/A,N/A,N/A,N/A,N/A,N/A,N/A,N/A,N/A,8.20%,17
CB,N/A,0.86%,1.42%,N/A,N/A,N/A,N/A,N/A,N/A,N/A,N/A,N/A,1.14%,16
CBA,25.53%,25.72%,25.84%,N/A,N/A,N/A,N/A,N/A,N/A,N/A,N/A,N/A,25.69%,21
CBA.AX,0.27%,1.24%,0.85%,N/A,N/A,1.62%,2.15%,N/A,N/A,N/A,N/A,N/A,1.23%,10
CBK.DE,N/A,0.62%,2.88%,2.96%,2.95%,3.98%,2.89%,N/A,N/A,2.37%,2.49%,N/A,2.84%,53
CCG,0.24%,N/A,N/A,2.15%,N/A,N/A,N/A,N/A,N/A,N/A,N/A,N/A,1.20%,2
CCI,0.69%,1.57%,2.94%,N/A,N/A,3.32%,N/A,N/A,N/A,N/A,N/A,N/A,2.13%,32
CCK,0.89%,N/A,N/A,0.74%,1.12%,1.81%,1.99%,2.00%,N/A,N/A,2.98%,N/A,1.62%,61
CCL,N/A,N/A,7.08%,9.30%,9.96%,9.77%,10.94%,N/A,N/A,10.55%,N/A,N/A,9.58%,47
CCM.AX,11.11%,24.47%,22.51%,20.65%,N/A,N/A,34.86%,32.45%,N/A,N/A,N/A,N/A,24.34%,6
CDE,1.16%,4.86%,5.02%,4.48%,N/A,N/A,5.91%,N/A,N/A,N/A,N/A,N/A,4.29%,50
CEG,2.00%,2.85%,6.35%,5.14%,2.62%,5.77%,N/A,N/A,6.33%,N/A,N/A,N/A,4.14%,92
CELH,1.61%,4.07%,4.84%,5.67%,N/A,N/A,1.85%,N/A,N/A,N/A,N/A,N/A,3.61%,40
CENCOSUD.SN,1.81%,4.15%,7.19%,9.91%,N/A,N/A,8.55%,N/A,N/A,N/A,N/A,N/A,6.32%,5
CENN,2.17%,14.05%,12.65%,12.32%,11.08%,N/A,N/A,12.34%,N/A,N/A,N/A,N/A,10.74%,53
CFLT,3.03%,3.92%,N/A,N/A,6.57%,N/A,N/A,N/A,N/A,N/A,N/A,N/A,4.51%,27
CFR,N/A,N/A,0.93%,N/A,N/A,N/A,N/A,N/A,N/A,N/A,N/A,N/A,0.93%,6
CFR.SW,0.77%,N/A,4.03%,4.82%,N/A,N/A,N/A,N/A,N/A,N/A,N/A,N/A,3.21%,3
CG,1.26%,0.52%,N/A,N/A,1.08%,N/A,N/A,N/A,N/A,N/A,N/A,N/A,0.95%,12
CGC,3.05%,7.24%,13.66%,9.30%,N/A,N/A,7.72%,N/A,N/A,N/A,N/A,N/A,8.20%,5
CHAR,3.21%,N/A,N/A,7.21%,N/A,N/A,N/A,N/A,N/A,N/A,N/A,N/A,5.21%,6
CHAR.L,0.48%,N/A,N/A,9.06%,1.80%,N/A,N/A,N/A,N/A,N/A,N/A,N/A,3.78%,3
CHME,1.46%,0.89%,N/A,N/A,2.54%,N/A,N/A,N/A,N/A,N/A,N/A,N/A,1.63%,3
CHN,3.92%,3.33%,5.61%,6.32%,N/A,N/A,6.31%,N/A,N/A,N/A,N/A,N/A,5.10%,5
CHPT,5.99%,9.61%,10.14%,7.20%,11.67%,N/A,N/A,9.69%,N/A,N/A,N/A,N/A,8.95%,60
CHR,2.86%,4.96%,10.57%,4.97%,N/A,N/A,9.61%,N/A,N/A,N/A,N/A,N/A,6.59%,15
CHRT.L,4.04%,N/A,N/A,3.72%,3.94%,N/A,N/A,N/A,N/A,N/A,N/A,N/A,3.90%,3
CHTR,N/A,4.10%,N/A,N/A,N/A,N/A,N/A,N/A,N/A,N/A,N/A,N/A,4.10%,7
CHY,0.40%,0.36%,0.21%,1.28%,N/A,N/A,0.88%,N/A,N/A,N/A,N/A,N/A,0.62%,5
CI,0.30%,N/A,N/A,6.34%,11.38%,10.94%,9.12%,4.63%,N/A,N/A,4.52%,N/A,6.81%,68
CIFR,N/A,N/A,4.38%,N/A,N/A,N/A,N/A,N/A,N/A,N/A,N/A,N/A,4.38%,4
CL,1.61%,1.02%,1.35%,N/A,N/A,4.06%,N/A,N/A,N/A,N/A,N/A,N/A,1.60%,21
CLX,N/A,3.09%,1.64%,1.10%,0.94%,1.63%,N/A,N/A,1.41%,N/A,N/A,N/A,1.64%,59
CMCSA,1.17%,0.76%,2.63%,2.83%,N/A,N/A,2.70%,N/A,N/A,N/A,N/A,N/A,2.02%,15
CMM.AX,13.59%,13.35%,15.42%,14.34%,N/A,N/A,9.77%,10.21%,N/A,N/A,N/A,N/A,12.78%,6
CMPO,2.41%,4.78%,4.72%,6.39%,7.32%,N/A,N/A,4.78%,N/A,N/A,N/A,N/A,5.07%,59
CMS,N/A,0.44%,N/A,N/A,N/A,N/A,N/A,N/A,N/A,N/A,N/A,N/A,0.44%,1
CNQ,1.61%,2.58%,N/A,N/A,3.54%,N/A,N/A,N/A,N/A,N/A,N/A,N/A,2.58%,27
CNVS,1.52%,6.03%,9.54%,N/A,N/A,9.07%,N/A,N/A,N/A,N/A,N/A,N/A,6.54%,32
COF,1.02%,1.36%,0.92%,N/A,2.05%,7.16%,5.33%,5.40%,5.22%,N/A,N/A,5.45%,1.72%,52
COIN,4.81%,5.62%,2.06%,3.82%,12.82%,11.44%,15.84%,22.39%,N/A,N/A,21.51%,N/A,8.92%,290
COP,N/A,1.98%,3.81%,2.30%,2.48%,2.36%,N/A,N/A,2.70%,N/A,N/A,N/A,2.60%,118
COR,1.27%,N/A,N/A,N/A,N/A,N/A,N/A,N/A,N/A,N/A,N/A,N/A,1.27%,7
CORZ,0.59%,1.24%,3.01%,N/A,N/A,2.78%,N/A,N/A,N/A,N/A,N/A,N/A,1.91%,28
COST,0.39%,0.53%,1.95%,2.71%,1.64%,1.03%,N/A,2.53%,1.34%,N/A,N/A,N/A,1.31%,82
COTY,2.83%,N/A,N/A,9.03%,10.78%,10.79%,10.54%,11.47%,N/A,N/A,12.09%,N/A,9.58%,68
CPA,N/A,N/A,5.04%,N/A,N/A,N/A,N/A,N/A,N/A,N/A,N/A,N/A,5.04%,1
CPCAY,N/A,N/A,3.25%,N/A,N/A,N/A,N/A,N/A,N/A,N/A,N/A,N/A,3.25%,1
CRAI,0.88%,4.53%,5.11%,N/A,N/A,4.87%,5.82%,4.56%,6.66%,7.97%,N/A,N/A,5.05%,96
CRDO,N/A,6.64%,12.35%,13.08%,12.44%,12.82%,N/A,N/A,15.06%,N/A,N/A,N/A,12.01%,59
CRH,0.93%,N/A,N/A,0.91%,N/A,N/A,N/A,N/A,N/A,N/A,N/A,N/A,0.92%,18
CRM,1.40%,1.17%,1.25%,1.44%,1.18%,2.33%,1.13%,1.38%,N/A,N/A,1.65%,N/A,1.51%,97
CRMD,N/A,0.85%,1.25%,2.47%,2.87%,2.46%,3.92%,N/A,2.72%,6.72%,N/A,N/A,3.04%,58
CROX,N/A,3.67%,N/A,N/A,N/A,N/A,N/A,N/A,N/A,N/A,N/A,N/A,3.67%,8
CRSP,0.66%,N/A,N/A,N/A,N/A,N/A,N/A,N/A,N/A,N/A,N/A,N/A,0.66%,7
CRTO,2.65%,N/A,N/A,3.04%,N/A,N/A,N/A,N/A,N/A,N/A,N/A,N/A,2.84%,2
CRVW,0.88%,N/A,N/A,3.50%,N/A,N/A,N/A,N/A,N/A,N/A,N/A,N/A,2.19%,2
CRWD,1.89%,3.21%,5.40%,4.59%,3.49%,4.86%,N/A,N/A,6.05%,N/A,N/A,N/A,4.35%,66
CRWV,7.62%,12.88%,5.11%,N/A,21.29%,N/A,N/A,N/A,N/A,N/A,N/A,N/A,10.47%,63
CRZBY,N/A,1.09%,0.55%,0.75%,1.57%,0.29%,1.86%,N/A,N/A,1.24%,N/A,N/A,1.05%,13
CSCO,1.82%,2.07%,1.91%,3.48%,4.37%,4.92%,N/A,4.61%,4.88%,N/A,N/A,N/A,3.12%,157
CSR,1.31%,0.26%,N/A,N/A,0.81%,1.39%,2.63%,4.09%,4.63%,N/A,N/A,6.24%,2.67%,8
CTLP,N/A,N/A,1.50%,2.48%,1.77%,5.37%,5.81%,N/A,N/A,3.69%,N/A,N/A,3.43%,59
CTRA,2.04%,N/A,N/A,5.55%,8.01%,8.66%,8.24%,7.92%,N/A,N/A,6.09%,N/A,6.63%,61
CVGW,N/A,N/A,1.83%,1.58%,2.00%,2.77%,5.25%,N/A,N/A,6.03%,N/A,N/A,3.20%,59
CVNA,8.88%,1.75%,N/A,6.67%,4.60%,6.99%,8.99%,7.96%,11.09%,N/A,7.55%,11.83%,7.54%,153
CVS,2.29%,11.75%,12.89%,12.19%,8.68%,N/A,N/A,8.63%,N/A,N/A,N/A,N/A,8.38%,62
CVX,2.23%,2.02%,2.30%,1.86%,2.08%,1.95%,N/A,N/A,1.72%,N/A,N/A,N/A,2.02%,134
CW,1.52%,3.50%,5.34%,N/A,10.19%,5.01%,6.54%,7.86%,8.89%,9.51%,N/A,N/A,5.84%,95
DANOY,2.48%,2.15%,1.62%,1.87%,N/A,N/A,2.43%,N/A,N/A,N/A,N/A,N/A,2.11%,20
DASH,3.66%,2.65%,5.34%,N/A,1.37%,2.52%,4.19%,4.16%,4.78%,5.82%,N/A,N/A,3.46%,56
DAT,N/A,N/A,2.15%,N/A,N/A,N/A,N/A,N/A,N/A,N/A,N/A,N/A,2.15%,3
DBI,1.38%,1.22%,N/A,N/A,3.05%,N/A,N/A,N/A,N/A,N/A,N/A,N/A,1.88%,27
DDOG,2.73%,N/A,N/A,N/A,N/A,N/A,N/A,N/A,N/A,N/A,N/A,N/A,2.73%,8
DE,0.62%,0.81%,1.57%,3.23%,5.55%,N/A,N/A,3.80%,N/A,N/A,N/A,N/A,2.55%,29
DELL,1.73%,1.46%,4.25%,N/A,N/A,4.10%,N/A,N/A,N/A,N/A,N/A,N/A,2.72%,42
DFDV,3.28%,3.93%,3.03%,41.52%,N/A,N/A,27.50%,N/A,N/A,N/A,N/A,N/A,15.85%,45
DG,4.03%,3.64%,7.04%,6.18%,1.01%,1.07%,N/A,N/A,4.05%,N/A,N/A,N/A,3.84%,63
DG.PA,0.82%,0.02%,1.85%,2.73%,N/A,N/A,3.07%,3.65%,N/A,N/A,N/A,N/A,2.02%,6
DIN,1.03%,2.76%,N/A,N/A,1.31%,N/A,N/A,N/A,N/A,N/A,N/A,N/A,1.70%,27
DIS,1.25%,0.47%,2.68%,3.28%,4.91%,4.18%,4.95%,N/A,N/A,4.55%,N/A,N/A,3.45%,48
DJIA,0.38%,N/A,N/A,0.16%,0.13%,0.17%,0.18%,0.66%,N/A,N/A,0.36%,N/A,0.29%,7
DJT,2.43%,N/A,N/A,N/A,N/A,N/A,N/A,N/A,N/A,N/A,N/A,N/A,2.43%,1
DKNG,0.54%,N/A,2.58%,2.61%,3.33%,4.28%,4.86%,N/A,N/A,5.61%,N/A,N/A,3.46%,65
DLR,1.59%,N/A,N/A,3.48%,N/A,N/A,N/A,N/A,N/A,N/A,N/A,N/A,2.54%,18
DMRC,N/A,N/A,4.46%,4.14%,3.87%,3.59%,2.55%,N/A,N/A,3.33%,N/A,N/A,3.66%,53
DNUT,16.84%,N/A,N/A,4.95%,1.70%,6.49%,1.76%,2.90%,N/A,N/A,4.25%,N/A,5.55%,7
DOM.L,1.70%,1.80%,1.15%,N/A,N/A,2.39%,1.35%,N/A,N/A,N/A,N/A,N/A,1.68%,5
DUOL,N/A,N/A,2.46%,1.57%,1.72%,2.91%,3.76%,N/A,N/A,6.53%,N/A,N/A,3.09%,47
DVA,1.20%,N/A,N/A,N/A,N/A,N/A,N/A,N/A,N/A,N/A,N/A,N/A,1.20%,9
DXC,N/A,N/A,1.87%,2.72%,1.05%,3.93%,9.44%,N/A,N/A,10.62%,N/A,N/A,4.94%,54
EA,1.34%,3.02%,N/A,N/A,6.62%,6.96%,8.35%,6.83%,5.57%,N/A,N/A,6.56%,5.66%,72
EAT,N/A,N/A,2.47%,N/A,N/A,N/A,N/A,N/A,N/A,N/A,N/A,N/A,2.47%,2
EBAY,1.39%,0.72%,2.54%,N/A,N/A,4.02%,4.34%,4.86%,3.22%,3.61%,N/A,N/A,3.05%,61
EFX,1.98%,3.70%,N/A,N/A,3.96%,N/A,N/A,N/A,N/A,N/A,N/A,N/A,3.21%,3
EH,6.30%,7.57%,N/A,N/A,20.27%,N/A,N/A,N/A,N/A,N/A,N/A,N/A,11.38%,24
EIX,1.26%,3.03%,N/A,N/A,1.77%,N/A,N/A,N/A,N/A,N/A,N/A,N/A,1.85%,35
EL,N/A,N/A,1.33%,N/A,N/A,N/A,N/A,N/A,N/A,N/A,N/A,N/A,1.33%,9
ELF,N/A,2.65%,N/A,N/A,N/A,N/A,N/A,N/A,N/A,N/A,N/A,N/A,2.65%,1
ELV,2.25%,N/A,N/A,0.73%,10.71%,11.13%,6.71%,2.85%,N/A,N/A,3.36%,N/A,5.47%,61
ENG,N/A,N/A,1.76%,N/A,N/A,N/A,N/A,N/A,N/A,N/A,N/A,N/A,1.76%,2
ENG.PA,N/A,N/A,1.18%,1.66%,N/A,N/A,N/A,N/A,N/A,N/A,N/A,N/A,1.42%,2
ENGI.PA,N/A,N/A,1.53%,2.16%,N/A,N/A,N/A,N/A,N/A,N/A,N/A,N/A,1.84%,4
ENR,3.53%,N/A,N/A,1.77%,2.13%,2.85%,4.69%,5.08%,N/A,N/A,5.42%,N/A,3.64%,21
ENR.DE,1.41%,N/A,N/A,1.56%,0.51%,0.31%,1.40%,1.21%,N/A,N/A,3.33%,5.18%,1.86%,8
ENS,4.52%,5.69%,4.93%,4.99%,4.98%,3.12%,N/A,3.34%,N/A,N/A,N/A,N/A,4.76%,51
ENVX,11.76%,16.52%,16.78%,14.29%,19.02%,N/A,N/A,14.92%,N/A,N/A,N/A,N/A,15.55%,48
EOG,2.05%,N/A,N/A,N/A,N/A,N/A,N/A,N/A,N/A,N/A,N/A,N/A,2.05%,9
EP,1.23%,N/A,N/A,3.50%,2.19%,2.44%,6.68%,1.65%,N/A,N/A,2.62%,N/A,2.93%,54
EPD,0.65%,0.73%,N/A,N/A,0.85%,N/A,N/A,N/A,N/A,N/A,N/A,N/A,0.74%,27
EQIX,N/A,0.43%,N/A,N/A,N/A,N/A,N/A,N/A,N/A,N/A,N/A,N/A,0.43%,5
EQT,0.80%,3.91%,1.48%,1.89%,2.14%,2.61%,N/A,N/A,3.80%,N/A,N/A,N/A,2.55%,69
EQX,5.49%,10.14%,8.49%,N/A,14.62%,15.34%,17.21%,17.64%,17.92%,17.78%,N/A,17.42%,14.00%,165
ESI,N/A,N/A,5.20%,4.76%,3.54%,3.40%,3.98%,N/A,N/A,5.42%,N/A,N/A,4.38%,60
ESS,N/A,0.94%,N/A,N/A,N/A,N/A,N/A,N/A,N/A,N/A,N/A,N/A,0.94%,9
ESTC,N/A,6.76%,7.05%,6.38%,5.16%,4.84%,N/A,N/A,4.24%,N/A,N/A,N/A,5.76%,65
ET,1.08%,2.35%,2.04%,2.75%,2.65%,2.65%,2.43%,1.92%,N/A,2.74%,N/A,N/A,2.28%,146
ETH,2.29%,5.34%,4.60%,4.94%,N/A,6.75%,N/A,N/A,N/A,N/A,N/A,N/A,4.43%,37
ETOR,4.21%,5.74%,N/A,6.04%,7.19%,N/A,N/A,N/A,N/A,N/A,N/A,N/A,5.41%,50
ETR,1.14%,N/A,N/A,1.26%,N/A,N/A,N/A,N/A,N/A,N/A,N/A,N/A,1.20%,2
EVER,0.18%,1.82%,2.56%,N/A,N/A,3.73%,N/A,N/A,N/A,N/A,N/A,N/A,2.07%,4
EVGO,7.48%,N/A,N/A,8.66%,13.43%,4.98%,6.93%,8.81%,N/A,N/A,13.53%,N/A,9.06%,68
EWZ,N/A,0.75%,N/A,N/A,N/A,N/A,N/A,N/A,N/A,N/A,N/A,N/A,0.75%,6
EXE,N/A,2.92%,1.28%,1.41%,1.05%,1.34%,N/A,N/A,2.06%,N/A,N/A,N/A,1.67%,65
EXEL,1.60%,1.21%,18.02%,20.72%,18.94%,N/A,N/A,17.04%,N/A,N/A,N/A,N/A,12.92%,48
EXLS,1.03%,0.66%,N/A,N/A,1.17%,N/A,N/A,N/A,N/A,N/A,N/A,N/A,0.95%,27
EXPE,N/A,N/A,9.67%,10.66%,10.44%,8.65%,8.81%,N/A,N/A,6.28%,N/A,N/A,9.14%,47
EXPGY,N/A,0.81%,N/A,N/A,N/A,N/A,N/A,N/A,N/A,N/A,N/A,N/A,0.81%,1
F,0.95%,1.60%,1.59%,1.57%,2.37%,3.37%,4.27%,4.73%,5.62%,6.29%,N/A,4.98%,2.81%,289
FANG,1.01%,1.37%,1.63%,2.35%,N/A,N/A,2.21%,N/A,N/A,N/A,N/A,N/A,1.71%,39
FBIN,2.86%,N/A,N/A,14.93%,13.58%,11.14%,11.38%,12.14%,N/A,N/A,11.03%,N/A,10.99%,75
FCX,3.43%,4.86%,N/A,N/A,3.14%,N/A,N/A,N/A,N/A,N/A,N/A,N/A,3.81%,6
FDX,1.44%,3.05%,3.61%,4.07%,4.49%,4.61%,3.97%,N/A,2.79%,N/A,N/A,N/A,3.42%,143
FI,N/A,N/A,5.97%,N/A,N/A,N/A,N/A,N/A,N/A,N/A,N/A,N/A,5.97%,9
FICO,0.48%,2.04%,2.99%,N/A,N/A,3.17%,N/A,N/A,N/A,N/A,N/A,N/A,2.17%,4
FIVE,4.14%,1.10%,14.11%,12.94%,17.80%,18.66%,16.30%,N/A,N/A,21.05%,N/A,N/A,15.49%,57
FL,2.47%,45.30%,45.58%,N/A,N/A,46.27%,N/A,N/A,N/A,N/A,N/A,N/A,34.91%,32
FLEX,0.48%,N/A,N/A,5.45%,7.63%,8.05%,7.82%,8.10%,N/A,N/A,7.36%,N/A,6.37%,61
FLNC,N/A,4.57%,N/A,N/A,N/A,N/A,N/A,N/A,N/A,N/A,N/A,N/A,4.57%,9
FLO,0.92%,1.53%,1.13%,N/A,2.24%,N/A,N/A,N/A,N/A,N/A,N/A,N/A,1.47%,41
FLR,1.57%,1.77%,N/A,N/A,4.64%,7.24%,6.69%,5.80%,5.26%,N/A,N/A,3.36%,4.21%,72
FNF,0.26%,0.70%,0.53%,1.50%,0.72%,0.28%,0.34%,N/A,0.39%,N/A,N/A,N/A,0.68%,12
FNMA,N/A,N/A,0.48%,0.64%,1.40%,1.99%,2.87%,N/A,N/A,4.31%,N/A,N/A,1.95%,6
FNV,3.28%,5.75%,4.19%,4.57%,N/A,N/A,5.45%,N/A,N/A,N/A,N/A,N/A,4.65%,50
FRO,3.45%,3.69%,2.23%,N/A,N/A,1.22%,1.24%,2.92%,2.36%,3.69%,N/A,N/A,2.58%,61
FRSH,N/A,5.28%,7.28%,5.70%,3.65%,3.48%,N/A,N/A,2.29%,N/A,N/A,N/A,4.65%,59
FSLR,4.97%,10.00%,18.64%,26.52%,22.18%,20.83%,31.92%,28.57%,14.02%,N/A,N/A,18.39%,17.08%,102
FTAI,N/A,N/A,3.86%,7.48%,7.51%,6.68%,6.80%,N/A,N/A,9.41%,N/A,N/A,6.92%,59
FTNT,1.25%,10.94%,12.01%,N/A,N/A,8.21%,5.57%,7.78%,8.67%,6.90%,N/A,N/A,7.66%,93
FUN,0.39%,2.43%,N/A,N/A,1.62%,N/A,N/A,N/A,N/A,N/A,N/A,N/A,1.48%,24
FWONK,N/A,N/A,1.13%,N/A,N/A,N/A,N/A,N/A,N/A,N/A,N/A,N/A,1.13%,1
FXI,N/A,0.87%,N/A,N/A,N/A,N/A,N/A,N/A,N/A,N/A,N/A,N/A,0.87%,1
G,0.58%,18.75%,17.64%,N/A,N/A,15.02%,14.65%,15.90%,14.28%,13.50%,N/A,N/A,13.75%,61
GDX,1.63%,N/A,N/A,2.45%,N/A,N/A,N/A,N/A,N/A,N/A,N/A,N/A,2.04%,12
GEHC,2.12%,2.46%,2.51%,N/A,N/A,3.69%,N/A,N/A,N/A,N/A,N/A,N/A,2.69%,32
GEO,7.80%,16.79%,22.28%,3.84%,6.42%,13.20%,13.45%,11.53%,16.86%,19.45%,8.71%,N/A,12.49%,163
GES,2.70%,4.36%,N/A,N/A,3.60%,N/A,N/A,N/A,N/A,N/A,N/A,N/A,3.56%,27
GEV,0.85%,2.86%,4.61%,6.00%,5.09%,3.67%,N/A,N/A,8.53%,N/A,N/A,N/A,4.33%,101
GFL,0.19%,2.41%,4.08%,5.68%,3.73%,5.14%,7.72%,8.51%,5.32%,5.41%,N/A,N/A,4.64%,146
GFR,2.70%,N/A,N/A,2.47%,3.88%,4.98%,8.46%,8.04%,N/A,N/A,10.87%,N/A,5.82%,75
GILD,3.29%,4.00%,1.07%,4.34%,3.95%,0.61%,2.32%,6.22%,N/A,N/A,7.71%,N/A,3.76%,139
GLCNF,4.00%,N/A,N/A,4.63%,N/A,N/A,N/A,N/A,N/A,N/A,N/A,N/A,4.31%,2
GLD,1.50%,2.55%,4.24%,3.47%,5.12%,N/A,2.51%,4.14%,N/A,N/A,N/A,N/A,2.92%,31
GLMD,N/A,1.38%,2.68%,3.64%,5.73%,11.96%,N/A,N/A,7.99%,N/A,N/A,N/A,5.48%,29
GLNCY,2.21%,N/A,N/A,3.52%,3.83%,N/A,N/A,N/A,N/A,N/A,N/A,N/A,3.19%,3
GLNG,1.44%,N/A,N/A,2.02%,4.87%,4.89%,3.14%,3.78%,N/A,N/A,3.76%,N/A,3.40%,68
GLXY,N/A,N/A,1.24%,N/A,N/A,N/A,N/A,N/A,N/A,N/A,N/A,N/A,1.24%,7
GM,3.56%,5.44%,5.08%,4.97%,5.58%,6.25%,7.85%,5.36%,N/A,N/A,8.66%,N/A,5.13%,113
GME,2.25%,4.81%,1.39%,0.96%,7.31%,8.38%,8.32%,9.05%,8.36%,N/A,N/A,7.17%,6.68%,61
GMNI,0.12%,43.21%,43.38%,N/A,N/A,67.90%,N/A,N/A,N/A,N/A,N/A,N/A,38.65%,4
GOLD,1.37%,3.03%,2.02%,2.69%,N/A,N/A,1.72%,N/A,N/A,N/A,N/A,N/A,2.20%,26
GOOG,1.55%,2.83%,5.40%,6.85%,5.38%,8.88%,8.02%,8.14%,9.32%,0.04%,11.52%,N/A,5.46%,313
GOOGL,2.62%,2.72%,4.59%,4.82%,3.79%,5.26%,6.57%,5.94%,5.09%,1.76%,11.24%,N/A,4.07%,418
GRAB,N/A,N/A,1.20%,1.49%,4.30%,2.22%,2.70%,N/A,N/A,4.00%,N/A,N/A,2.63%,59
GS,1.24%,1.78%,2.89%,6.62%,1.95%,2.73%,7.37%,7.37%,7.24%,5.89%,N/A,N/A,2.47%,138
GTN,6.34%,N/A,N/A,6.12%,4.31%,3.60%,6.10%,7.96%,N/A,N/A,10.82%,N/A,6.46%,70
GXO,1.35%,N/A,N/A,2.18%,N/A,N/A,N/A,N/A,N/A,N/A,N/A,N/A,1.77%,18
HAIN,8.30%,11.32%,N/A,N/A,20.65%,19.09%,14.70%,20.47%,27.23%,N/A,N/A,30.62%,18.74%,69
HD,1.41%,2.69%,N/A,N/A,2.53%,N/A,N/A,N/A,N/A,N/A,N/A,N/A,2.05%,30
HES,N/A,1.64%,1.40%,1.04%,1.22%,1.31%,N/A,N/A,1.59%,N/A,N/A,N/A,1.36%,47
HII,1.78%,3.79%,5.18%,3.05%,2.23%,N/A,N/A,2.59%,N/A,N/A,N/A,N/A,3.10%,18
HIMX,1.84%,2.35%,1.80%,1.11%,N/A,N/A,2.03%,N/A,N/A,N/A,N/A,N/A,1.83%,40
HL,2.68%,4.46%,5.11%,5.96%,N/A,1.69%,4.07%,4.54%,3.51%,2.75%,N/A,N/A,3.99%,111
HLAG.DE,0.90%,0.78%,N/A,5.01%,2.81%,1.53%,N/A,N/A,N/A,N/A,N/A,N/A,2.11%,7
HLAGF,3.33%,N/A,N/A,3.66%,N/A,N/A,N/A,N/A,N/A,N/A,N/A,N/A,3.49%,4
HMC,2.73%,3.09%,3.06%,N/A,N/A,4.66%,N/A,N/A,N/A,N/A,N/A,N/A,3.39%,36
HON,N/A,0.98%,0.57%,1.07%,1.37%,1.77%,N/A,N/A,2.55%,N/A,N/A,N/A,1.36%,47
HOOD,3.51%,11.29%,9.07%,7.22%,8.79%,N/A,N/A,11.20%,N/A,N/A,N/A,N/A,8.22%,62
HPE,0.50%,4.43%,5.15%,4.31%,4.09%,4.10%,3.36%,3.95%,2.16%,N/A,2.69%,N/A,3.66%,125
HPGLY,0.01%,N/A,N/A,4.07%,N/A,N/A,N/A,N/A,N/A,N/A,N/A,N/A,2.04%,2
HRL,0.67%,0.42%,0.70%,N/A,N/A,0.80%,1.16%,1.55%,1.99%,2.88%,N/A,N/A,1.27%,64
HROW,2.48%,11.82%,N/A,N/A,10.77%,N/A,N/A,N/A,N/A,N/A,N/A,N/A,8.36%,27
HSBC,0.93%,0.88%,0.55%,N/A,2.90%,2.86%,2.87%,3.13%,3.68%,3.47%,N/A,5.08%,2.31%,138
HTLD,0.49%,1.48%,N/A,N/A,2.23%,N/A,N/A,N/A,N/A,N/A,N/A,N/A,1.40%,27
HTZ,11.50%,15.76%,8.09%,0.96%,N/A,17.34%,0.11%,N/A,N/A,N/A,N/A,N/A,11.23%,57
HUBG,2.16%,N/A,N/A,9.88%,9.12%,8.95%,9.85%,9.19%,N/A,N/A,8.38%,N/A,8.18%,59
IAC,4.52%,2.45%,2.17%,1.69%,2.17%,N/A,N/A,3.74%,N/A,N/A,N/A,N/A,2.77%,47
IAG,3.67%,4.13%,6.69%,6.42%,14.38%,15.10%,13.45%,17.86%,16.77%,15.11%,N/A,14.59%,10.97%,226
IAG.AX,1.34%,0.75%,4.45%,1.49%,N/A,N/A,0.72%,0.40%,N/A,N/A,N/A,N/A,1.53%,6
IAG.L,N/A,N/A,2.81%,6.16%,3.69%,5.19%,5.92%,N/A,N/A,8.59%,9.72%,N/A,6.01%,14
IBIT,1.23%,N/A,1.90%,2.29%,N/A,N/A,N/A,N/A,N/A,N/A,N/A,N/A,1.82%,7
IBKR,N/A,N/A,4.54%,6.95%,6.97%,8.36%,9.18%,N/A,N/A,8.39%,N/A,N/A,7.40%,48
IBM,2.12%,1.83%,3.86%,3.82%,2.84%,N/A,4.10%,N/A,N/A,N/A,N/A,N/A,2.79%,67
IBRX,3.21%,4.07%,8.34%,N/A,N/A,8.42%,N/A,N/A,N/A,N/A,N/A,N/A,6.01%,32
ICLR,N/A,N/A,2.81%,2.59%,3.90%,5.56%,5.24%,N/A,N/A,7.26%,N/A,N/A,4.50%,47
IEF,0.07%,0.20%,N/A,N/A,N/A,N/A,N/A,N/A,N/A,N/A,N/A,N/A,0.14%,2
IFL.AX,11.27%,14.34%,12.48%,N/A,N/A,12.90%,13.11%,N/A,N/A,N/A,N/A,N/A,12.82%,15
IFN,7.42%,5.55%,5.21%,6.56%,7.59%,7.17%,10.81%,N/A,N/A,N/A,N/A,N/A,6.94%,13
IFNNY,3.14%,N/A,N/A,9.20%,11.18%,10.99%,9.30%,8.37%,N/A,N/A,9.93%,N/A,8.87%,28
IFS,3.33%,3.51%,2.58%,N/A,N/A,2.07%,N/A,N/A,N/A,N/A,N/A,N/A,2.87%,4
IFX.DE,2.01%,N/A,N/A,10.91%,13.02%,13.50%,11.86%,11.23%,N/A,N/A,12.99%,16.10%,11.45%,8
INDA,2.16%,N/A,N/A,4.91%,4.13%,3.90%,5.10%,4.64%,N/A,N/A,4.62%,N/A,4.19%,54
INFA,1.94%,N/A,N/A,N/A,N/A,N/A,N/A,N/A,N/A,N/A,N/A,N/A,1.94%,7
INTC,1.62%,4.54%,6.23%,1.82%,2.84%,3.68%,4.63%,5.00%,2.44%,N/A,N/A,4.91%,3.43%,61
INTU,1.83%,3.47%,3.28%,N/A,N/A,3.71%,2.55%,2.20%,3.26%,4.19%,N/A,N/A,3.06%,64
IONQ,1.55%,N/A,N/A,N/A,N/A,N/A,N/A,N/A,N/A,N/A,N/A,N/A,1.55%,5
IONS,3.00%,0.96%,1.55%,1.83%,2.41%,N/A,N/A,3.85%,N/A,N/A,N/A,N/A,2.24%,53
IRM,2.77%,4.33%,N/A,N/A,6.00%,N/A,N/A,N/A,N/A,N/A,N/A,N/A,4.37%,27
IRTC,0.89%,0.45%,0.61%,0.99%,1.31%,N/A,N/A,2.57%,N/A,N/A,N/A,N/A,1.11%,53
IVN.TO,N/A,N/A,4.91%,5.40%,3.68%,1.17%,2.83%,N/A,N/A,N/A,N/A,N/A,3.60%,5
J,0.57%,2.46%,2.57%,N/A,N/A,5.81%,5.68%,5.74%,7.30%,7.71%,N/A,N/A,4.62%,61
JACK,6.06%,7.18%,N/A,N/A,14.92%,N/A,N/A,N/A,N/A,N/A,N/A,N/A,9.39%,27
JAZZ,3.67%,4.89%,N/A,N/A,2.22%,2.89%,3.03%,3.27%,4.21%,N/A,N/A,4.94%,3.64%,72
JBHT,N/A,N/A,3.58%,N/A,N/A,N/A,N/A,N/A,N/A,N/A,N/A,N/A,3.58%,8
JBLU,0.69%,1.38%,3.59%,1.88%,4.39%,N/A,N/A,2.62%,N/A,N/A,N/A,N/A,2.42%,58
JD,3.70%,7.61%,3.75%,2.38%,3.43%,N/A,N/A,4.10%,N/A,N/A,N/A,N/A,3.90%,76
JNJ,1.18%,0.68%,2.54%,5.64%,3.92%,2.64%,6.04%,8.60%,4.72%,5.36%,N/A,N/A,3.58%,166
JOBY,3.08%,2.38%,1.79%,4.41%,N/A,N/A,1.64%,N/A,N/A,N/A,N/A,N/A,2.66%,25
JPM,1.18%,1.45%,1.34%,3.68%,3.80%,1.85%,5.95%,4.32%,4.45%,N/A,N/A,5.93%,1.97%,58
KBR,0.36%,0.55%,0.96%,N/A,N/A,2.04%,1.80%,1.44%,1.57%,1.98%,N/A,N/A,1.33%,93
KHC,1.79%,0.53%,1.21%,0.15%,2.29%,2.18%,0.02%,N/A,N/A,0.35%,N/A,N/A,1.37%,38
KKR,N/A,5.09%,6.15%,7.68%,5.02%,5.05%,N/A,N/A,4.79%,N/A,N/A,N/A,5.64%,65
KLIC,3.64%,1.25%,1.33%,N/A,N/A,4.34%,5.55%,4.95%,5.03%,4.88%,N/A,N/A,3.82%,61
KMB,N/A,2.46%,0.61%,0.53%,2.67%,3.83%,N/A,N/A,4.85%,N/A,N/A,N/A,2.45%,65
KNSL,3.78%,4.25%,N/A,N/A,5.26%,N/A,N/A,N/A,N/A,N/A,N/A,N/A,4.43%,27
KO,0.41%,1.45%,2.25%,2.63%,1.92%,1.29%,1.63%,N/A,1.35%,1.91%,N/A,N/A,1.77%,192
KR,0.48%,N/A,N/A,N/A,N/A,N/A,N/A,N/A,N/A,N/A,N/A,N/A,0.48%,9
KSPI,N/A,10.26%,13.99%,12.67%,13.39%,12.09%,N/A,N/A,10.00%,N/A,N/A,N/A,12.10%,59
KSS,5.29%,8.24%,N/A,N/A,8.35%,N/A,N/A,N/A,N/A,N/A,N/A,N/A,7.29%,27
KULR,N/A,N/A,3.44%,N/A,N/A,N/A,N/A,N/A,N/A,N/A,N/A,N/A,3.44%,9
KVUE,1.71%,N/A,N/A,3.18%,4.47%,5.40%,2.65%,2.06%,N/A,N/A,2.35%,N/A,3.02%,73
LAD,N/A,4.16%,4.96%,4.09%,3.00%,3.60%,N/A,N/A,2.73%,N/A,N/A,N/A,3.77%,59
LASR,5.76%,6.43%,7.25%,N/A,N/A,7.54%,N/A,N/A,N/A,N/A,N/A,N/A,6.75%,32
LAZR,19.28%,N/A,N/A,14.57%,N/A,N/A,N/A,N/A,N/A,N/A,N/A,N/A,16.92%,18
LBRDA,N/A,N/A,0.92%,1.44%,2.01%,2.92%,6.49%,N/A,N/A,4.48%,N/A,N/A,3.02%,53
LC,N/A,2.54%,N/A,N/A,N/A,N/A,N/A,N/A,N/A,N/A,N/A,N/A,2.54%,8
LCID,7.19%,6.66%,3.48%,7.42%,9.51%,9.84%,11.00%,16.74%,N/A,4.29%,11.56%,N/A,8.82%,135
LI,5.01%,2.95%,5.35%,4.83%,5.32%,N/A,N/A,3.80%,N/A,N/A,N/A,N/A,4.56%,59
LLY,2.60%,1.47%,2.32%,2.42%,2.82%,5.86%,5.30%,2.56%,2.44%,N/A,3.87%,N/A,3.07%,228
LMT,0.59%,N/A,N/A,N/A,N/A,N/A,N/A,N/A,N/A,N/A,N/A,N/A,0.59%,9
LNTH,12.76%,N/A,N/A,8.98%,6.81%,7.03%,9.07%,10.31%,N/A,N/A,14.78%,N/A,9.81%,66
LOT,3.57%,5.38%,6.15%,10.16%,8.66%,N/A,N/A,6.97%,N/A,N/A,N/A,N/A,6.81%,53
LPLA,0.45%,0.89%,N/A,N/A,2.08%,N/A,N/A,N/A,N/A,N/A,N/A,N/A,1.14%,3
LPX,1.88%,N/A,N/A,0.87%,N/A,N/A,N/A,N/A,N/A,N/A,N/A,N/A,1.37%,16
LRCX,1.09%,1.83%,N/A,N/A,2.02%,N/A,N/A,N/A,N/A,N/A,N/A,N/A,1.65%,24
LUMN,1.95%,3.27%,2.40%,N/A,N/A,2.46%,2.56%,2.39%,3.81%,5.58%,N/A,N/A,3.01%,61
LUV,0.98%,1.11%,0.75%,2.08%,N/A,N/A,1.46%,N/A,N/A,N/A,N/A,N/A,1.28%,15
LVS,0.53%,N/A,N/A,1.50%,N/A,N/A,N/A,N/A,N/A,N/A,N/A,N/A,1.01%,18
LYFT,4.44%,1.10%,3.13%,2.14%,1.29%,2.83%,0.60%,N/A,N/A,0.62%,N/A,N/A,2.15%,34
MAC,0.65%,N/A,N/A,0.94%,N/A,N/A,N/A,N/A,N/A,N/A,N/A,N/A,0.80%,16
MAGN,4.42%,5.75%,1.31%,5.56%,9.86%,N/A,N/A,18.33%,N/A,N/A,N/A,N/A,7.12%,52
MAIN,4.71%,N/A,N/A,8.09%,N/A,N/A,N/A,N/A,N/A,N/A,N/A,N/A,6.40%,16
MAT,2.29%,5.15%,5.58%,6.81%,11.12%,10.54%,4.12%,N/A,8.35%,N/A,N/A,N/A,6.40%,96
MCD,N/A,0.90%,0.91%,1.11%,2.55%,3.97%,N/A,N/A,5.04%,N/A,N/A,N/A,2.22%,62
MCHI,1.79%,2.34%,3.18%,3.55%,N/A,N/A,4.61%,N/A,N/A,N/A,N/A,N/A,3.09%,10
MCK,0.83%,N/A,N/A,N/A,N/A,N/A,N/A,N/A,N/A,N/A,N/A,N/A,0.83%,8
MCO,0.99%,0.64%,N/A,1.69%,1.64%,1.78%,2.11%,2.78%,N/A,N/A,3.55%,N/A,1.99%,67
MDB,N/A,6.71%,8.54%,7.27%,5.35%,5.42%,N/A,N/A,4.10%,N/A,N/A,N/A,6.27%,59
MDGL,0.97%,2.60%,N/A,N/A,2.17%,3.73%,7.96%,5.43%,6.05%,N/A,N/A,7.23%,4.52%,72
MDT,N/A,1.97%,1.12%,0.64%,1.98%,2.18%,N/A,N/A,2.74%,N/A,N/A,N/A,1.75%,59
MEG,N/A,N/A,5.72%,N/A,N/A,N/A,N/A,N/A,N/A,N/A,N/A,N/A,5.72%,6
MELI,0.87%,1.10%,2.06%,2.63%,2.60%,1.62%,N/A,4.03%,N/A,N/A,N/A,N/A,2.09%,63
META,1.80%,4.55%,6.13%,8.10%,6.26%,4.84%,4.63%,3.49%,3.99%,3.76%,N/A,4.19%,4.96%,257
MFC,0.56%,0.70%,N/A,N/A,0.91%,N/A,N/A,N/A,N/A,N/A,N/A,N/A,0.73%,27
MHI,N/A,N/A,2.48%,1.83%,2.01%,1.77%,2.51%,N/A,N/A,2.58%,N/A,N/A,2.20%,30
MHVYF,N/A,N/A,6.36%,10.07%,11.33%,6.46%,5.43%,N/A,N/A,3.27%,N/A,N/A,7.15%,6
MKS.L,2.87%,6.70%,N/A,1.16%,2.70%,N/A,N/A,N/A,N/A,N/A,N/A,N/A,3.12%,39
MMA,3.75%,3.21%,5.47%,5.96%,7.18%,8.04%,5.19%,N/A,5.17%,N/A,N/A,N/A,5.33%,11
MMC,N/A,0.23%,1.17%,1.85%,0.12%,1.86%,N/A,N/A,1.91%,N/A,N/A,N/A,1.19%,6
MMTOF,0.38%,0.55%,N/A,N/A,0.84%,5.51%,5.44%,5.37%,5.29%,N/A,N/A,5.08%,3.56%,24
MMTOY,0.56%,1.13%,N/A,N/A,2.81%,3.38%,3.94%,N/A,N/A,N/A,N/A,N/A,2.36%,5
MNMD,N/A,N/A,7.41%,N/A,N/A,N/A,N/A,N/A,N/A,N/A,N/A,N/A,7.41%,9
MNRO,0.80%,5.87%,N/A,N/A,8.42%,N/A,N/A,N/A,N/A,N/A,N/A,N/A,5.03%,24
MNST,2.90%,1.18%,0.85%,2.85%,2.25%,3.29%,3.49%,4.96%,N/A,N/A,4.69%,N/A,2.97%,101
MO,2.92%,4.65%,5.89%,6.35%,3.91%,2.05%,N/A,N/A,1.57%,N/A,N/A,N/A,4.01%,123
MOD,0.18%,N/A,0.31%,0.53%,N/A,N/A,N/A,N/A,N/A,N/A,N/A,N/A,0.32%,10
MODG,1.67%,7.83%,N/A,N/A,3.21%,N/A,N/A,N/A,N/A,N/A,N/A,N/A,4.24%,27
MOH,1.19%,4.67%,4.51%,4.06%,0.92%,N/A,N/A,1.70%,N/A,N/A,N/A,N/A,2.86%,53
MP,4.84%,2.67%,N/A,8.37%,8.33%,10.84%,9.45%,10.02%,N/A,N/A,10.10%,N/A,7.79%,107
MQ,N/A,N/A,0.89%,3.08%,4.18%,5.84%,6.44%,N/A,N/A,9.19%,N/A,N/A,4.86%,53
MQG.AX,1.78%,N/A,N/A,2.57%,5.98%,4.61%,5.89%,4.52%,N/A,N/A,3.29%,5.33%,4.25%,48
MQY,1.34%,N/A,N/A,2.70%,2.59%,2.75%,1.19%,N/A,N/A,N/A,N/A,N/A,2.11%,5
MRFG3.SA,14.01%,N/A,N/A,11.15%,N/A,N/A,N/A,N/A,N/A,N/A,N/A,N/A,12.58%,2
MRK,N/A,4.80%,0.44%,4.25%,2.82%,1.25%,N/A,N/A,1.33%,N/A,N/A,N/A,2.54%,57
MRNA,N/A,4.92%,5.57%,2.87%,4.74%,2.29%,N/A,N/A,5.78%,N/A,N/A,N/A,4.52%,69
MRVL,3.23%,1.49%,0.73%,8.95%,14.70%,15.37%,11.15%,12.09%,N/A,N/A,10.32%,N/A,8.25%,122
MS,1.57%,1.30%,1.58%,N/A,5.51%,7.21%,8.41%,9.80%,9.63%,N/A,N/A,8.89%,6.09%,60
MSCI,2.17%,2.09%,0.17%,0.71%,1.39%,0.06%,0.67%,N/A,N/A,1.52%,N/A,N/A,0.94%,11
MSFT,0.92%,0.98%,1.07%,1.57%,1.80%,2.07%,2.42%,3.04%,3.54%,3.68%,3.38%,5.29%,1.93%,399
MSM,1.27%,1.45%,N/A,N/A,4.57%,4.76%,4.77%,5.66%,7.47%,N/A,N/A,7.83%,4.72%,8
MSTR,2.83%,6.58%,7.84%,1.73%,1.79%,10.53%,14.89%,13.07%,9.10%,10.07%,N/A,N/A,6.88%,106
MU,0.52%,6.05%,10.06%,7.39%,6.77%,8.70%,N/A,N/A,8.42%,N/A,N/A,N/A,7.14%,59
MUR,3.12%,N/A,N/A,8.03%,N/A,N/A,N/A,N/A,N/A,N/A,N/A,N/A,5.58%,12
MWA,1.66%,N/A,N/A,1.12%,N/A,N/A,N/A,N/A,N/A,N/A,N/A,N/A,1.39%,18
MYGN,N/A,N/A,7.05%,3.57%,3.59%,3.30%,3.76%,N/A,N/A,8.55%,N/A,N/A,4.90%,53
NA,2.55%,3.59%,3.08%,3.11%,0.48%,3.47%,2.24%,6.28%,3.51%,N/A,6.28%,N/A,3.15%,21
NANC,N/A,0.97%,N/A,N/A,N/A,N/A,N/A,N/A,N/A,N/A,N/A,N/A,0.97%,2
NBIS,0.99%,1.46%,3.32%,N/A,N/A,4.73%,N/A,N/A,N/A,N/A,N/A,N/A,2.41%,44
NCLH,N/A,7.64%,7.39%,7.90%,7.05%,6.54%,6.11%,N/A,5.43%,3.90%,N/A,N/A,6.77%,101
NDAQ,0.93%,2.16%,0.99%,2.30%,3.28%,N/A,N/A,4.08%,N/A,N/A,N/A,N/A,2.10%,7
NEM,2.93%,6.16%,4.61%,4.28%,9.67%,N/A,2.77%,8.94%,N/A,N/A,N/A,N/A,4.38%,51
NFE,148.12%,143.93%,N/A,N/A,100.20%,N/A,N/A,N/A,N/A,N/A,N/A,N/A,130.75%,27
NFLX,1.09%,1.70%,2.55%,4.75%,N/A,N/A,4.53%,N/A,N/A,N/A,N/A,N/A,2.72%,25
NGVT,0.99%,2.05%,2.30%,N/A,N/A,3.95%,N/A,N/A,N/A,N/A,N/A,N/A,2.32%,36
NINE,1.44%,N/A,N/A,3.75%,7.51%,5.64%,6.48%,8.40%,N/A,N/A,17.35%,N/A,6.92%,73
NIO,4.41%,1.98%,2.69%,1.74%,1.80%,2.68%,1.98%,2.45%,N/A,3.78%,N/A,N/A,2.47%,113
NISTF,N/A,N/A,2.00%,1.00%,0.50%,10.50%,11.05%,N/A,N/A,9.95%,N/A,N/A,5.83%,6
NKE,7.07%,7.21%,6.19%,6.22%,7.43%,8.22%,N/A,6.32%,6.53%,N/A,N/A,N/A,6.88%,78
NMG,6.28%,4.25%,0.08%,0.23%,N/A,N/A,0.84%,N/A,N/A,N/A,N/A,N/A,2.34%,5
NNN,N/A,1.06%,2.93%,3.62%,1.79%,1.20%,N/A,N/A,1.98%,N/A,N/A,N/A,2.10%,59
NOG,2.90%,4.27%,N/A,3.34%,3.94%,N/A,N/A,N/A,N/A,N/A,N/A,N/A,3.48%,43
NONOF,N/A,N/A,2.49%,N/A,N/A,N/A,N/A,N/A,N/A,N/A,N/A,N/A,2.49%,1
NOW,N/A,1.98%,3.23%,1.54%,1.59%,1.32%,N/A,N/A,N/A,N/A,N/A,N/A,1.93%,5
NPK,N/A,N/A,8.45%,10.87%,11.60%,14.30%,15.32%,N/A,N/A,N/A,N/A,N/A,12.11%,5
NPSCY,N/A,N/A,5.18%,3.43%,3.19%,4.21%,4.38%,N/A,N/A,2.61%,N/A,N/A,3.83%,18
NRG,3.99%,3.49%,2.93%,4.03%,N/A,3.24%,5.48%,N/A,N/A,N/A,N/A,N/A,3.81%,116
NSANY,1.94%,2.50%,3.66%,7.40%,N/A,3.50%,9.25%,N/A,N/A,N/A,N/A,N/A,4.04%,45
NTR,1.61%,N/A,N/A,1.30%,4.07%,1.98%,2.51%,3.28%,N/A,N/A,3.42%,N/A,2.57%,68
NU,2.31%,1.07%,0.91%,2.51%,1.42%,1.88%,N/A,N/A,3.21%,N/A,N/A,N/A,1.75%,90
NUVB,N/A,N/A,1.20%,2.04%,2.21%,2.80%,3.18%,N/A,N/A,3.98%,N/A,N/A,2.57%,48
NVD,N/A,N/A,5.07%,N/A,N/A,N/A,N/A,N/A,N/A,N/A,N/A,N/A,5.07%,1
NVDA,2.59%,3.72%,5.40%,9.80%,7.54%,6.68%,8.66%,11.96%,9.89%,11.51%,7.87%,9.31%,6.13%,1791
NVO,3.72%,2.23%,5.02%,0.71%,2.74%,6.13%,7.51%,2.70%,7.66%,N/A,N/A,4.68%,4.08%,172
NVT,N/A,5.47%,6.59%,6.14%,3.07%,3.27%,N/A,N/A,1.17%,N/A,N/A,N/A,4.57%,11
NWE,0.88%,2.95%,3.73%,1.17%,0.13%,N/A,N/A,0.49%,N/A,N/A,N/A,N/A,1.56%,6
NWSA,N/A,N/A,1.14%,N/A,N/A,N/A,N/A,N/A,N/A,N/A,N/A,N/A,1.14%,2
O,1.21%,1.64%,2.73%,3.38%,4.62%,2.23%,N/A,N/A,4.76%,N/A,N/A,N/A,2.48%,110
OBDC,2.79%,3.89%,3.96%,3.32%,3.65%,N/A,N/A,3.32%,N/A,N/A,N/A,N/A,3.49%,47
ODFL,1.53%,1.14%,N/A,N/A,1.29%,N/A,N/A,N/A,N/A,N/A,N/A,N/A,1.32%,27
OHI,1.50%,N/A,N/A,N/A,N/A,N/A,N/A,N/A,N/A,N/A,N/A,N/A,1.50%,9
OKLO,3.34%,1.84%,N/A,N/A,5.14%,N/A,N/A,N/A,N/A,N/A,N/A,N/A,3.44%,27
ON,6.60%,8.45%,7.09%,6.18%,6.56%,7.58%,N/A,3.66%,N/A,N/A,N/A,N/A,6.62%,55
ONON,3.63%,2.79%,2.30%,N/A,N/A,2.32%,N/A,N/A,N/A,N/A,N/A,N/A,2.76%,24
ONTO,0.99%,N/A,N/A,N/A,N/A,N/A,N/A,N/A,N/A,N/A,N/A,N/A,0.99%,8
OPAI.PVT,N/A,1.54%,2.04%,2.31%,2.77%,3.02%,N/A,N/A,0.28%,N/A,N/A,N/A,2.09%,17
OPEN,N/A,3.29%,3.39%,8.21%,5.63%,11.86%,N/A,N/A,12.17%,N/A,N/A,N/A,7.32%,47
ORCL,1.03%,N/A,N/A,N/A,N/A,N/A,N/A,N/A,N/A,N/A,N/A,N/A,1.03%,5
ORLY,0.50%,1.21%,N/A,N/A,N/A,N/A,N/A,N/A,N/A,N/A,N/A,N/A,0.93%,15
OST,1.25%,2.59%,4.53%,N/A,N/A,5.20%,N/A,N/A,N/A,N/A,N/A,N/A,3.39%,4
OTIS,1.57%,0.44%,1.70%,N/A,N/A,1.31%,N/A,N/A,N/A,N/A,N/A,N/A,1.26%,36
OXM,1.50%,2.05%,N/A,N/A,2.51%,N/A,N/A,N/A,N/A,N/A,N/A,N/A,2.02%,24
OXY,2.46%,N/A,N/A,N/A,N/A,N/A,N/A,N/A,N/A,N/A,N/A,N/A,2.46%,8
PAAS,5.47%,8.19%,7.19%,7.90%,N/A,N/A,7.91%,N/A,N/A,N/A,N/A,N/A,7.33%,40
PAC,1.59%,N/A,N/A,1.87%,1.70%,1.04%,3.27%,1.90%,N/A,N/A,4.72%,N/A,2.30%,7
PAGS,N/A,N/A,4.30%,N/A,N/A,N/A,N/A,N/A,N/A,N/A,N/A,N/A,4.30%,9
PANW,1.44%,2.31%,1.31%,1.48%,N/A,N/A,1.54%,N/A,N/A,N/A,N/A,N/A,1.61%,40
PAY,2.05%,N/A,N/A,4.20%,3.97%,4.14%,4.87%,5.49%,N/A,N/A,7.34%,N/A,4.58%,7
PAYO,7.38%,N/A,N/A,14.75%,18.20%,16.09%,14.07%,15.09%,N/A,N/A,14.73%,N/A,14.32%,110
PBF,4.27%,0.96%,4.64%,N/A,N/A,7.88%,16.39%,16.61%,16.00%,15.78%,N/A,N/A,10.03%,61
PBOC,0.17%,0.52%,N/A,N/A,1.33%,2.05%,1.95%,2.37%,2.28%,N/A,N/A,2.01%,1.58%,8
PBR,1.83%,1.79%,1.89%,2.03%,N/A,N/A,2.74%,N/A,N/A,N/A,N/A,N/A,2.06%,15
PCG,N/A,0.50%,1.23%,2.27%,2.12%,2.36%,2.85%,N/A,2.32%,4.03%,N/A,N/A,2.16%,106
PEP,0.37%,0.89%,1.01%,2.08%,1.62%,1.95%,N/A,N/A,2.72%,N/A,N/A,N/A,1.60%,138
PFE,2.01%,3.14%,2.40%,1.76%,0.96%,1.89%,7.06%,N/A,2.59%,N/A,N/A,N/A,2.20%,70
PFGC,0.57%,1.15%,1.68%,1.63%,1.79%,2.04%,2.05%,N/A,N/A,2.96%,N/A,N/A,1.91%,55
PG,0.45%,1.26%,0.79%,0.31%,2.32%,2.07%,0.47%,0.65%,2.83%,2.56%,N/A,N/A,1.41%,122
PGR,0.49%,1.79%,1.12%,N/A,2.19%,N/A,N/A,N/A,N/A,N/A,N/A,N/A,1.48%,28
PII,0.84%,1.52%,N/A,N/A,1.06%,N/A,N/A,N/A,N/A,N/A,N/A,N/A,1.14%,24
PINS,2.11%,5.89%,9.19%,9.20%,10.70%,9.19%,9.37%,13.14%,13.77%,5.54%,N/A,11.68%,9.15%,189
PK,3.68%,2.82%,6.33%,N/A,N/A,8.12%,10.18%,N/A,N/A,N/A,N/A,N/A,6.22%,5
PKI.TO,1.65%,0.42%,0.07%,N/A,N/A,2.73%,4.86%,4.94%,6.29%,5.47%,N/A,N/A,3.30%,8
PKREF,5.00%,3.00%,2.00%,N/A,N/A,4.33%,3.81%,3.29%,2.77%,2.25%,N/A,N/A,3.31%,8
PLD,24.36%,0.78%,3.72%,N/A,N/A,4.81%,3.31%,3.17%,5.10%,5.47%,N/A,N/A,4.82%,11
PLNT,6.39%,6.77%,N/A,N/A,8.90%,7.42%,4.43%,3.47%,2.61%,N/A,N/A,0.62%,5.08%,8
PLTR,4.73%,5.90%,8.44%,8.60%,8.86%,11.24%,13.82%,11.04%,11.00%,20.04%,5.92%,12.65%,9.36%,910
PLUG,8.69%,5.71%,9.23%,17.01%,19.31%,12.91%,N/A,11.48%,10.11%,N/A,N/A,N/A,12.25%,125
PM,1.13%,N/A,N/A,N/A,N/A,N/A,N/A,N/A,N/A,N/A,N/A,N/A,1.13%,14
PNTG,N/A,3.32%,N/A,N/A,N/A,N/A,N/A,N/A,N/A,N/A,N/A,N/A,3.32%,8
PNW,2.68%,3.01%,0.03%,1.46%,N/A,N/A,2.80%,N/A,N/A,N/A,N/A,N/A,2.00%,5
PODD,0.96%,0.77%,1.48%,1.87%,1.89%,2.48%,2.77%,N/A,N/A,3.55%,N/A,N/A,1.55%,39
POOL,N/A,N/A,4.25%,2.88%,1.59%,3.46%,5.70%,N/A,N/A,6.28%,N/A,N/A,4.03%,6
PPTA,3.11%,1.19%,N/A,N/A,29.82%,24.86%,33.87%,26.83%,30.01%,N/A,N/A,23.14%,21.60%,96
PR,0.80%,2.65%,N/A,2.46%,N/A,N/A,N/A,N/A,N/A,N/A,N/A,N/A,2.47%,11
PRGO,1.00%,3.61%,N/A,N/A,3.87%,N/A,N/A,N/A,N/A,N/A,N/A,N/A,2.83%,27
PRN,2.59%,N/A,N/A,3.12%,3.10%,4.31%,4.91%,N/A,N/A,N/A,N/A,N/A,3.60%,5
PRO,3.88%,N/A,N/A,6.21%,8.56%,9.66%,9.13%,8.25%,N/A,N/A,6.50%,N/A,7.45%,7
PRX.AS,1.48%,N/A,N/A,2.02%,2.07%,3.00%,2.74%,3.01%,N/A,N/A,3.77%,4.03%,2.76%,32
PSNY,8.22%,2.49%,3.96%,4.38%,N/A,N/A,4.54%,N/A,N/A,N/A,N/A,N/A,4.72%,40
PSTG,1.97%,0.23%,N/A,N/A,0.78%,N/A,N/A,N/A,N/A,N/A,N/A,N/A,1.00%,24
PSX,2.02%,2.20%,3.20%,5.02%,7.90%,7.68%,5.33%,N/A,N/A,6.85%,N/A,N/A,4.76%,118
PTCT,N/A,2.41%,2.57%,3.01%,2.08%,2.14%,N/A,N/A,2.46%,N/A,N/A,N/A,2.44%,59
PVH,1.61%,9.12%,5.42%,7.83%,N/A,N/A,5.78%,N/A,N/A,N/A,N/A,N/A,5.90%,44
PYPL,0.61%,N/A,N/A,N/A,N/A,N/A,N/A,N/A,N/A,N/A,N/A,N/A,0.61%,7
QBTS,6.92%,N/A,N/A,N/A,N/A,N/A,N/A,N/A,N/A,N/A,N/A,N/A,6.92%,7
QCOM,0.59%,1.74%,2.06%,2.46%,2.76%,2.78%,3.00%,3.08%,3.26%,N/A,N/A,3.07%,2.30%,222
QQQ,0.55%,N/A,N/A,3.29%,4.52%,4.86%,4.81%,5.37%,N/A,N/A,5.41%,N/A,4.07%,54
QS,4.03%,4.41%,4.34%,3.06%,12.16%,N/A,N/A,5.26%,N/A,N/A,N/A,N/A,5.55%,47
RBA,0.64%,N/A,N/A,N/A,N/A,N/A,N/A,N/A,N/A,N/A,N/A,N/A,0.64%,1
RBLX,1.08%,2.64%,6.58%,8.57%,9.32%,10.12%,N/A,7.79%,9.83%,N/A,N/A,N/A,6.65%,115
RDDT,2.95%,5.86%,2.42%,1.49%,N/A,6.83%,7.35%,17.90%,10.04%,10.38%,N/A,N/A,5.67%,123
REGN,N/A,7.93%,7.48%,7.08%,9.19%,10.76%,N/A,N/A,10.88%,N/A,N/A,N/A,8.82%,58
RF,N/A,4.76%,3.14%,5.47%,5.51%,6.00%,N/A,N/A,5.65%,N/A,N/A,N/A,4.81%,7
RGA,1.42%,1.81%,1.87%,1.31%,N/A,N/A,1.32%,N/A,N/A,N/A,N/A,N/A,1.55%,15
RGTI,N/A,3.66%,N/A,N/A,N/A,N/A,N/A,N/A,N/A,N/A,N/A,N/A,3.66%,17
RH,N/A,14.04%,13.82%,9.73%,10.46%,6.91%,N/A,N/A,4.16%,N/A,N/A,N/A,9.96%,53
RI.PA,3.01%,3.93%,5.91%,5.65%,N/A,N/A,7.63%,6.11%,N/A,N/A,N/A,N/A,5.37%,6
RIGL,N/A,3.03%,4.23%,3.95%,3.98%,4.88%,N/A,N/A,4.67%,N/A,N/A,N/A,4.12%,6
RIOT,N/A,N/A,1.36%,4.85%,2.94%,1.77%,4.68%,N/A,N/A,3.31%,N/A,N/A,3.15%,60
RIVN,8.33%,7.25%,5.71%,5.31%,11.04%,13.21%,16.21%,18.42%,16.61%,N/A,N/A,22.86%,11.59%,155
RJF,0.17%,N/A,N/A,N/A,N/A,N/A,N/A,N/A,N/A,N/A,N/A,N/A,0.17%,1
RKLB,1.45%,5.81%,5.13%,N/A,N/A,3.60%,5.14%,12.47%,16.44%,17.77%,N/A,N/A,8.13%,61
RLGT,2.58%,7.73%,5.58%,2.34%,2.05%,N/A,N/A,2.14%,N/A,N/A,N/A,N/A,3.74%,42
RNG,N/A,4.20%,N/A,N/A,N/A,N/A,N/A,N/A,N/A,N/A,N/A,N/A,4.20%,7
ROKU,N/A,11.01%,14.01%,14.42%,11.94%,13.16%,N/A,N/A,11.11%,N/A,N/A,N/A,12.66%,58
ROO.L,29.34%,30.52%,29.12%,N/A,N/A,27.73%,27.11%,26.29%,25.64%,24.64%,N/A,N/A,28.02%,13
ROP,N/A,N/A,0.66%,N/A,N/A,N/A,N/A,N/A,N/A,N/A,N/A,N/A,0.66%,1
RSG,2.80%,3.93%,9.68%,11.04%,4.81%,9.36%,N/A,N/A,12.21%,N/A,N/A,N/A,4.70%,33
RTX,0.95%,N/A,N/A,N/A,N/A,N/A,N/A,N/A,N/A,N/A,N/A,N/A,0.95%,9
RXO,10.53%,10.74%,N/A,N/A,20.50%,22.79%,25.22%,24.44%,25.15%,N/A,N/A,22.85%,19.88%,58
RYAN,1.02%,1.54%,N/A,N/A,2.41%,N/A,N/A,N/A,N/A,N/A,N/A,N/A,1.66%,27
RYSE,N/A,0.59%,0.41%,0.81%,0.97%,1.72%,N/A,N/A,3.18%,N/A,N/A,N/A,1.28%,6
S32.AX,6.97%,7.78%,8.77%,9.19%,N/A,N/A,10.29%,12.61%,N/A,N/A,N/A,N/A,9.17%,35
S68.SI,N/A,0.04%,1.34%,N/A,N/A,N/A,N/A,N/A,N/A,N/A,N/A,N/A,0.69%,2
SA,2.96%,1.12%,N/A,N/A,10.79%,10.93%,14.95%,11.55%,13.75%,N/A,N/A,11.23%,9.54%,61
SAN,0.33%,0.35%,N/A,N/A,0.92%,N/A,N/A,N/A,N/A,N/A,N/A,N/A,0.53%,24
SAP,N/A,N/A,1.58%,3.19%,3.93%,2.14%,2.12%,N/A,N/A,2.83%,N/A,N/A,2.63%,36
SB,0.67%,0.78%,0.68%,N/A,N/A,4.99%,N/A,N/A,N/A,N/A,N/A,N/A,1.78%,4
SBGSF,0.19%,1.12%,N/A,N/A,2.58%,N/A,N/A,N/A,N/A,N/A,N/A,N/A,1.30%,12
SBGSY,0.32%,0.31%,N/A,N/A,0.23%,N/A,N/A,N/A,N/A,N/A,N/A,N/A,0.29%,3
SBH,6.89%,8.50%,10.77%,10.18%,N/A,N/A,12.53%,N/A,N/A,N/A,N/A,N/A,9.77%,5
SBR,3.07%,1.30%,0.75%,1.10%,N/A,N/A,1.31%,N/A,N/A,N/A,N/A,N/A,1.51%,15
SBUX,N/A,N/A,2.33%,N/A,N/A,N/A,N/A,N/A,N/A,N/A,N/A,N/A,2.33%,9
SCHD,1.01%,1.98%,N/A,N/A,1.69%,N/A,N/A,N/A,N/A,N/A,N/A,N/A,1.43%,31
SCHW,0.90%,1.79%,2.25%,3.79%,4.55%,N/A,4.07%,5.07%,N/A,N/A,N/A,N/A,2.78%,12
SEDG,4.48%,10.95%,13.06%,2.40%,6.59%,N/A,N/A,2.38%,N/A,N/A,N/A,N/A,6.73%,47
SFTBY,2.49%,3.40%,2.75%,3.72%,N/A,2.02%,1.78%,N/A,N/A,N/A,N/A,N/A,2.77%,32
SG,5.47%,N/A,N/A,N/A,N/A,N/A,N/A,N/A,N/A,N/A,N/A,N/A,5.47%,7
SGML,1.58%,5.88%,1.32%,7.42%,13.17%,N/A,N/A,25.41%,N/A,N/A,N/A,N/A,9.13%,54
SHEL,1.54%,1.53%,0.18%,N/A,N/A,0.32%,2.00%,1.18%,1.54%,1.39%,N/A,N/A,1.21%,40
SHOO,4.98%,11.92%,10.66%,N/A,N/A,24.04%,24.66%,23.00%,24.25%,23.07%,N/A,N/A,18.32%,8
SHOP,4.03%,4.56%,4.55%,6.14%,N/A,3.00%,4.22%,N/A,N/A,N/A,N/A,N/A,4.45%,90
SHW,1.14%,1.03%,1.89%,N/A,N/A,1.87%,2.37%,3.91%,2.89%,3.17%,N/A,N/A,2.25%,85
SIRI,N/A,3.63%,3.61%,4.33%,7.00%,9.04%,N/A,N/A,9.16%,N/A,N/A,N/A,6.13%,60
SKIN,15.76%,16.94%,N/A,N/A,13.98%,N/A,N/A,N/A,N/A,N/A,N/A,N/A,15.56%,3
SKX,1.65%,1.50%,1.39%,1.92%,2.01%,1.74%,1.65%,1.79%,2.21%,2.14%,1.18%,N/A,1.73%,197
SLB,N/A,3.95%,4.70%,4.22%,3.27%,3.22%,N/A,N/A,1.54%,N/A,N/A,N/A,3.52%,53
SLNO,1.73%,5.19%,6.91%,4.28%,5.03%,N/A,N/A,4.29%,N/A,N/A,N/A,N/A,4.58%,47
SM,2.64%,N/A,N/A,9.71%,12.98%,12.63%,9.50%,8.22%,N/A,N/A,6.90%,N/A,8.98%,68
SMC,1.46%,1.95%,2.04%,2.21%,1.89%,N/A,N/A,3.33%,N/A,N/A,N/A,N/A,2.11%,35
SMCI,4.78%,5.19%,11.90%,29.23%,16.72%,15.08%,14.96%,26.54%,28.34%,28.48%,N/A,N/A,13.67%,234
SMI,1.53%,N/A,N/A,0.40%,N/A,N/A,N/A,N/A,N/A,N/A,N/A,N/A,0.97%,2
SMSN.IL,1.13%,1.52%,0.25%,N/A,N/A,0.74%,1.85%,N/A,N/A,N/A,N/A,N/A,1.10%,5
SN,2.20%,2.93%,1.98%,3.56%,N/A,3.39%,3.13%,N/A,N/A,N/A,N/A,N/A,2.65%,33
SNDR,0.32%,N/A,N/A,6.67%,5.17%,5.31%,4.68%,5.14%,N/A,N/A,5.62%,N/A,4.70%,7
SNOW,2.03%,N/A,N/A,2.97%,N/A,N/A,N/A,N/A,N/A,N/A,N/A,N/A,2.34%,27
SOBO,N/A,0.98%,N/A,N/A,N/A,N/A,N/A,N/A,N/A,N/A,N/A,N/A,0.98%,9
SOFI,3.29%,5.55%,6.25%,3.38%,1.67%,9.10%,16.95%,15.26%,8.65%,15.78%,N/A,N/A,8.15%,158
SONY,2.16%,2.94%,N/A,1.18%,2.41%,N/A,N/A,N/A,N/A,N/A,N/A,N/A,2.17%,45
SOUN,3.51%,5.07%,1.99%,1.46%,N/A,11.59%,8.00%,N/A,N/A,N/A,N/A,N/A,4.95%,117
SOYB,0.10%,2.01%,2.18%,N/A,N/A,1.46%,N/A,N/A,N/A,N/A,N/A,N/A,1.44%,4
SPCX,0.20%,0.52%,1.26%,2.24%,N/A,N/A,3.79%,N/A,N/A,N/A,N/A,N/A,1.60%,5
SPG,1.42%,2.62%,N/A,N/A,2.24%,N/A,N/A,N/A,N/A,N/A,N/A,N/A,2.09%,3
SPGI,0.95%,N/A,N/A,1.65%,2.01%,3.06%,2.93%,1.85%,N/A,N/A,2.69%,N/A,2.12%,56
SPOT,5.33%,5.72%,3.75%,2.73%,1.08%,N/A,N/A,1.81%,N/A,N/A,N/A,N/A,3.43%,53
SPY,1.34%,1.08%,1.48%,2.13%,4.52%,2.80%,2.86%,4.92%,6.24%,8.38%,N/A,7.56%,2.16%,177
SRPT,2.55%,1.65%,3.73%,4.81%,3.25%,3.77%,3.99%,4.08%,N/A,N/A,8.28%,N/A,3.90%,129
SSNLF,1.26%,1.73%,2.11%,N/A,N/A,3.23%,N/A,N/A,N/A,N/A,N/A,N/A,2.08%,12
ST,N/A,N/A,5.93%,7.43%,6.00%,4.05%,3.55%,N/A,N/A,2.73%,N/A,N/A,5.00%,47
STAA,N/A,N/A,2.06%,N/A,N/A,N/A,N/A,N/A,N/A,N/A,N/A,N/A,2.06%,8
STKS,9.50%,5.23%,9.35%,N/A,N/A,9.04%,N/A,N/A,N/A,N/A,N/A,N/A,8.28%,36
STLA,5.15%,7.10%,7.22%,8.59%,8.52%,9.89%,9.56%,8.78%,11.25%,6.96%,N/A,10.44%,8.30%,182
STO.AX,1.97%,1.40%,1.00%,1.64%,N/A,N/A,0.62%,1.49%,N/A,N/A,N/A,N/A,1.35%,6
STT,1.48%,1.40%,N/A,N/A,2.67%,6.42%,6.26%,6.78%,6.95%,N/A,N/A,6.90%,4.04%,11
STX,1.20%,N/A,N/A,4.38%,7.74%,7.15%,8.47%,9.44%,N/A,N/A,9.57%,N/A,6.70%,73
STZ,1.32%,3.27%,2.83%,0.38%,2.25%,N/A,N/A,N/A,N/A,N/A,N/A,N/A,2.42%,43
SU,2.00%,2.75%,N/A,N/A,3.35%,N/A,N/A,N/A,N/A,N/A,N/A,N/A,2.70%,9
SUN,5.21%,5.27%,4.93%,N/A,N/A,5.62%,8.88%,8.30%,8.81%,7.35%,N/A,N/A,6.79%,8
SWK,2.09%,1.26%,N/A,N/A,2.92%,N/A,N/A,N/A,N/A,N/A,N/A,N/A,2.09%,27
SWKS,0.97%,1.06%,1.18%,N/A,N/A,1.29%,N/A,N/A,N/A,N/A,N/A,N/A,1.13%,36
SYNA,N/A,2.98%,N/A,N/A,N/A,N/A,N/A,N/A,N/A,N/A,N/A,N/A,2.98%,1
TCEHY,4.72%,6.33%,N/A,N/A,6.35%,N/A,N/A,N/A,N/A,N/A,N/A,N/A,5.80%,27
TD,N/A,0.87%,1.89%,2.47%,3.84%,3.08%,N/A,N/A,2.80%,N/A,N/A,N/A,2.47%,48
TECH,0.82%,2.37%,N/A,N/A,2.77%,N/A,N/A,N/A,N/A,N/A,N/A,N/A,1.99%,27
TEVA,0.97%,N/A,4.09%,1.88%,2.46%,3.00%,2.72%,N/A,N/A,2.91%,N/A,N/A,2.54%,75
TGI,N/A,N/A,3.97%,N/A,N/A,N/A,N/A,N/A,N/A,N/A,N/A,N/A,3.97%,1
TGT,3.95%,2.95%,1.45%,1.62%,1.34%,2.46%,N/A,N/A,2.00%,N/A,N/A,N/A,2.25%,95
THM,4.73%,4.42%,N/A,N/A,15.18%,23.90%,35.86%,34.90%,39.81%,N/A,N/A,41.48%,24.36%,61
THRY,0.74%,1.26%,N/A,N/A,4.33%,6.03%,4.47%,3.67%,4.18%,N/A,N/A,5.98%,3.80%,85
TLN,0.65%,2.26%,3.33%,6.74%,6.46%,4.67%,N/A,N/A,4.22%,N/A,N/A,N/A,3.91%,75
TLT,N/A,0.71%,N/A,N/A,N/A,N/A,N/A,N/A,N/A,N/A,N/A,N/A,0.71%,1
TM,0.80%,1.10%,3.03%,0.52%,1.81%,2.64%,1.27%,2.65%,2.91%,N/A,N/A,2.03%,1.87%,65
TMDX,1.35%,2.34%,3.18%,5.49%,6.42%,5.49%,N/A,N/A,13.39%,N/A,N/A,N/A,4.85%,95
TMHC,1.60%,N/A,N/A,0.70%,N/A,N/A,N/A,N/A,N/A,N/A,N/A,N/A,1.15%,18
TMQ,1.61%,3.31%,N/A,N/A,17.26%,22.92%,25.30%,36.17%,44.79%,N/A,N/A,28.79%,21.83%,61
TMUS,1.93%,0.77%,0.58%,N/A,N/A,1.90%,N/A,N/A,N/A,N/A,N/A,N/A,1.29%,4
TOL,0.63%,N/A,N/A,1.15%,N/A,N/A,N/A,N/A,N/A,N/A,N/A,N/A,0.89%,16
TPR,0.30%,N/A,N/A,5.39%,6.28%,5.86%,5.68%,5.44%,N/A,N/A,4.75%,N/A,4.80%,54
TRGP,0.51%,0.92%,N/A,N/A,3.33%,4.85%,4.49%,3.01%,2.70%,N/A,N/A,2.76%,2.82%,69
TRIN,N/A,N/A,2.12%,N/A,N/A,N/A,N/A,N/A,N/A,N/A,N/A,N/A,2.12%,1
TSEM,0.96%,3.25%,N/A,N/A,4.22%,N/A,N/A,N/A,N/A,N/A,N/A,N/A,2.81%,27
TSLA,3.87%,6.02%,7.62%,12.42%,11.94%,12.32%,12.80%,16.77%,16.41%,18.05%,N/A,19.58%,9.89%,1015
TSM,0.66%,0.69%,3.10%,5.10%,4.43%,6.82%,7.44%,7.26%,N/A,7.43%,7.32%,N/A,4.17%,80
TSN,1.77%,2.18%,N/A,N/A,2.44%,N/A,N/A,N/A,N/A,N/A,N/A,N/A,2.13%,18
TTD,1.66%,N/A,N/A,N/A,N/A,N/A,N/A,N/A,N/A,N/A,N/A,N/A,1.66%,6
TTE,0.63%,N/A,N/A,1.39%,N/A,N/A,N/A,N/A,N/A,N/A,N/A,N/A,0.96%,14
TWIN,1.22%,0.76%,N/A,N/A,5.88%,N/A,N/A,N/A,N/A,N/A,N/A,N/A,2.62%,3
TWLO,1.06%,N/A,3.05%,5.12%,4.84%,4.75%,5.99%,N/A,N/A,6.47%,N/A,N/A,4.54%,67
TXN,0.79%,7.63%,7.74%,7.20%,7.27%,7.62%,N/A,N/A,7.30%,N/A,N/A,N/A,6.73%,73
TXNM,0.75%,1.89%,2.46%,3.63%,N/A,N/A,2.93%,N/A,N/A,N/A,N/A,N/A,2.33%,20
UA,4.89%,6.87%,N/A,N/A,4.21%,N/A,N/A,N/A,N/A,N/A,N/A,N/A,5.32%,12
UAA,5.06%,8.27%,N/A,N/A,6.79%,N/A,N/A,N/A,N/A,N/A,N/A,N/A,6.71%,15
UBER,N/A,4.81%,6.95%,7.04%,6.17%,6.89%,6.35%,N/A,8.13%,5.81%,N/A,N/A,6.62%,142
UBS,N/A,N/A,3.06%,N/A,N/A,N/A,N/A,N/A,N/A,N/A,N/A,N/A,3.06%,6
UBSI,N/A,3.67%,3.74%,3.46%,3.76%,3.32%,N/A,N/A,3.43%,N/A,N/A,N/A,3.57%,66
UCG.MI,3.79%,4.82%,6.29%,4.86%,N/A,N/A,5.41%,5.82%,N/A,N/A,N/A,N/A,5.19%,32
UNCFF,6.13%,3.34%,4.64%,1.66%,N/A,N/A,0.90%,N/A,N/A,N/A,N/A,N/A,3.33%,5
UNH,5.96%,7.36%,7.02%,9.59%,11.07%,8.79%,31.73%,28.85%,45.75%,36.86%,19.10%,N/A,12.33%,363
UNIT,N/A,N/A,1.08%,1.34%,2.61%,4.18%,1.77%,N/A,N/A,3.78%,N/A,N/A,2.44%,59
UNP,0.96%,5.85%,4.66%,4.36%,4.28%,4.26%,3.04%,3.27%,4.57%,N/A,3.35%,N/A,4.07%,119
UPS,1.58%,2.23%,2.37%,2.20%,2.22%,3.69%,N/A,N/A,2.80%,N/A,N/A,N/A,2.34%,93
UPST,2.25%,9.15%,6.46%,8.17%,7.48%,5.77%,4.47%,4.46%,3.70%,N/A,6.16%,N/A,6.16%,112
USB,0.49%,1.04%,N/A,N/A,0.76%,N/A,N/A,N/A,N/A,N/A,N/A,N/A,0.76%,27
USD,4.12%,7.79%,4.92%,10.85%,18.12%,12.42%,16.54%,21.33%,N/A,N/A,21.41%,N/A,10.78%,17
USO,1.43%,0.42%,1.53%,4.01%,3.49%,4.74%,3.43%,4.44%,N/A,N/A,5.68%,N/A,2.93%,14
USPS,0.15%,0.20%,0.25%,0.30%,N/A,N/A,0.45%,N/A,N/A,N/A,N/A,N/A,0.27%,5
UST,N/A,0.46%,0.74%,N/A,N/A,N/A,N/A,N/A,N/A,N/A,N/A,N/A,0.60%,2
UTHR,1.87%,1.32%,3.02%,2.28%,2.67%,N/A,N/A,4.33%,N/A,N/A,N/A,N/A,2.55%,59
V,0.55%,0.68%,0.80%,2.99%,3.49%,1.40%,1.59%,2.22%,1.78%,1.90%,N/A,N/A,1.37%,67
VALE,5.02%,4.05%,4.15%,3.96%,N/A,N/A,3.97%,N/A,N/A,N/A,N/A,N/A,4.23%,5
VFC,7.47%,10.11%,8.61%,9.05%,8.22%,N/A,N/A,4.53%,N/A,N/A,N/A,N/A,8.06%,59
VFIAX,3.85%,4.14%,4.88%,N/A,N/A,4.94%,N/A,N/A,N/A,N/A,N/A,N/A,4.45%,4
VFINX,3.84%,4.15%,4.71%,N/A,N/A,4.45%,N/A,N/A,N/A,N/A,N/A,N/A,4.29%,4
VIK,0.55%,1.78%,1.96%,N/A,N/A,2.15%,N/A,N/A,N/A,N/A,N/A,N/A,1.61%,28
VLO,0.92%,1.20%,N/A,N/A,3.04%,N/A,N/A,N/A,N/A,N/A,N/A,N/A,1.72%,27
VNET,4.71%,9.89%,3.26%,N/A,N/A,5.41%,N/A,N/A,N/A,N/A,N/A,N/A,5.82%,36
VNO,0.75%,N/A,N/A,0.96%,N/A,N/A,N/A,N/A,N/A,N/A,N/A,N/A,0.86%,18
VNQ,N/A,0.50%,2.30%,3.83%,2.47%,1.70%,N/A,N/A,3.16%,N/A,N/A,N/A,2.33%,6
VOD,0.52%,0.74%,N/A,N/A,2.78%,3.03%,3.39%,1.62%,1.29%,N/A,N/A,2.77%,2.02%,93
VONE,N/A,N/A,0.24%,N/A,N/A,N/A,N/A,N/A,N/A,N/A,N/A,N/A,0.24%,1
VOO,0.52%,2.81%,3.36%,2.07%,3.59%,4.11%,N/A,N/A,3.97%,N/A,N/A,N/A,2.88%,46
VOW.DE,N/A,N/A,1.94%,1.72%,N/A,N/A,N/A,N/A,N/A,N/A,N/A,N/A,1.83%,2
VOW3.DE,N/A,N/A,3.17%,2.85%,N/A,N/A,N/A,N/A,N/A,N/A,N/A,N/A,3.01%,6
VRSN,1.17%,2.49%,2.44%,0.93%,1.05%,N/A,N/A,1.29%,N/A,N/A,N/A,N/A,1.57%,119
VRT,N/A,5.48%,9.19%,12.15%,8.23%,8.33%,N/A,N/A,7.47%,N/A,N/A,N/A,8.48%,30
VRTX,2.62%,1.59%,1.57%,2.39%,1.68%,2.04%,N/A,2.24%,2.70%,N/A,N/A,N/A,2.00%,119
VST,0.62%,5.89%,11.06%,10.60%,8.75%,11.13%,N/A,N/A,11.08%,N/A,N/A,N/A,8.40%,62
VSTA,1.61%,2.16%,3.08%,5.01%,N/A,N/A,10.82%,N/A,N/A,N/A,N/A,N/A,4.54%,10
VTI,1.72%,3.71%,4.25%,2.74%,N/A,N/A,4.93%,N/A,N/A,N/A,N/A,N/A,2.92%,9
VTOL,2.36%,3.48%,4.23%,4.62%,N/A,N/A,7.53%,N/A,N/A,N/A,N/A,N/A,4.44%,5
VWAGY,N/A,N/A,2.99%,3.43%,N/A,N/A,N/A,N/A,N/A,N/A,N/A,N/A,3.18%,7
VZ,N/A,2.01%,2.88%,3.57%,1.40%,1.23%,N/A,N/A,2.01%,N/A,N/A,N/A,2.19%,64
W,3.23%,2.80%,1.97%,N/A,N/A,3.34%,N/A,N/A,N/A,N/A,N/A,N/A,2.83%,32
WBD,N/A,4.26%,N/A,N/A,N/A,N/A,N/A,N/A,N/A,N/A,N/A,N/A,4.26%,1
WDC,1.06%,N/A,3.80%,5.89%,8.14%,8.53%,8.96%,9.70%,N/A,8.98%,10.65%,N/A,7.43%,127
WELL,1.32%,N/A,N/A,2.49%,N/A,N/A,N/A,N/A,N/A,N/A,N/A,N/A,1.91%,18
WFC,0.47%,0.87%,0.28%,0.17%,N/A,N/A,0.96%,N/A,N/A,N/A,N/A,N/A,0.52%,9
WGO,0.76%,1.81%,N/A,N/A,2.01%,N/A,N/A,N/A,N/A,N/A,N/A,N/A,1.53%,24
WMT,1.60%,1.17%,0.87%,2.17%,1.16%,1.70%,2.20%,1.48%,N/A,1.44%,N/A,N/A,1.50%,417
WPM,9.54%,10.71%,13.73%,10.54%,11.18%,N/A,N/A,9.00%,N/A,N/A,N/A,N/A,10.85%,58
WRD,3.75%,12.22%,12.52%,19.36%,14.21%,13.22%,6.20%,5.75%,N/A,N/A,4.60%,N/A,9.97%,93
WTTR,8.77%,N/A,N/A,12.29%,12.77%,12.55%,11.92%,11.42%,N/A,N/A,10.59%,N/A,11.50%,73
WW,40.61%,18.09%,N/A,N/A,21.76%,36.86%,49.21%,65.70%,52.27%,N/A,N/A,65.27%,43.72%,56
WYNN,1.42%,N/A,N/A,2.67%,N/A,N/A,N/A,N/A,N/A,N/A,N/A,N/A,2.05%,18
X,N/A,N/A,1.82%,N/A,N/A,N/A,N/A,N/A,N/A,N/A,N/A,N/A,1.82%,9
XIACF,0.69%,3.88%,N/A,N/A,7.59%,N/A,N/A,N/A,N/A,N/A,N/A,N/A,4.05%,3
XIACY,0.64%,3.46%,N/A,N/A,4.39%,N/A,N/A,N/A,N/A,N/A,N/A,N/A,2.83%,3
XLK,N/A,4.39%,6.50%,7.20%,7.42%,7.69%,N/A,N/A,7.83%,N/A,N/A,N/A,6.84%,6
XOM,1.49%,0.81%,1.05%,0.90%,1.20%,1.04%,N/A,N/A,1.81%,N/A,N/A,N/A,1.15%,158
XPEV,5.42%,3.18%,3.33%,2.39%,2.27%,N/A,N/A,2.93%,N/A,N/A,N/A,N/A,3.26%,53
XPO,0.47%,1.18%,0.66%,1.49%,N/A,N/A,1.34%,N/A,N/A,N/A,N/A,N/A,1.03%,45
XRO.AX,0.67%,0.13%,4.42%,3.21%,N/A,N/A,4.09%,4.67%,N/A,N/A,N/A,N/A,2.86%,12
XRX,0.98%,1.48%,N/A,N/A,2.22%,N/A,N/A,N/A,N/A,N/A,N/A,N/A,1.56%,27
XYZ,6.16%,6.72%,N/A,N/A,13.62%,18.17%,18.39%,16.78%,17.66%,N/A,N/A,18.77%,14.38%,61
YAHOF,0.12%,0.23%,N/A,N/A,0.02%,N/A,N/A,N/A,N/A,N/A,N/A,N/A,0.13%,3
YETI,3.15%,3.51%,N/A,N/A,2.64%,N/A,N/A,N/A,N/A,N/A,N/A,N/A,3.10%,27
YOU,1.66%,1.32%,0.12%,0.01%,1.56%,N/A,0.35%,N/A,N/A,N/A,N/A,N/A,1.39%,32
YUM,N/A,0.68%,N/A,N/A,N/A,N/A,N/A,N/A,N/A,N/A,N/A,N/A,0.68%,9
Z,3.14%,3.43%,2.16%,1.97%,1.48%,3.04%,4.46%,0.12%,0.75%,N/A,N/A,N/A,2.68%,30
ZG,2.81%,3.63%,2.20%,0.95%,3.26%,N/A,3.29%,0.53%,N/A,N/A,N/A,N/A,2.49%,12
ZIM,N/A,N/A,2.92%,N/A,N/A,N/A,N/A,N/A,N/A,N/A,N/A,N/A,2.92%,9
ZK,2.28%,N/A,N/A,1.69%,N/A,N/A,N/A,N/A,N/A,N/A,N/A,N/A,1.99%,18
